Perfil;Ancho;Alto;ColorVidrio;Acabado;Tarifa
7990;400;500;SINVIDRIO;LACADO;44,96
7990;400;1000;SINVIDRIO;LACADO;56,70
7990;400;2000;SINVIDRIO;LACADO;77,35
7990;400;2500;SINVIDRIO;LACADO;89,09
7990;500;500;SINVIDRIO;LACADO;46,74
7990;500;1000;SINVIDRIO;LACADO;58,48
7990;500;2000;SINVIDRIO;LACADO;79,13
7990;500;2500;SINVIDRIO;LACADO;90,87
7990;600;500;SINVIDRIO;LACADO;48,52
7990;600;1000;SINVIDRIO;LACADO;60,27
7990;600;2000;SINVIDRIO;LACADO;80,91
7990;600;2500;SINVIDRIO;LACADO;92,65
7990;400;500;SINVIDRIO;ANODIZADO;47,66
7990;400;1000;SINVIDRIO;ANODIZADO;60,90
7990;400;2000;SINVIDRIO;ANODIZADO;84,54
7990;400;2500;SINVIDRIO;ANODIZADO;97,78
7990;500;500;SINVIDRIO;ANODIZADO;49,74
7990;500;1000;SINVIDRIO;ANODIZADO;62,98
7990;500;2000;SINVIDRIO;ANODIZADO;86,63
7990;500;2500;SINVIDRIO;ANODIZADO;99,87
7990;600;500;SINVIDRIO;ANODIZADO;51,82
7990;600;1000;SINVIDRIO;ANODIZADO;65,06
7990;600;2000;SINVIDRIO;ANODIZADO;88,71
7990;600;2500;SINVIDRIO;ANODIZADO;101,95
7990;400;500;TRANSPARENTE;LACADO;131,29
7990;400;1000;TRANSPARENTE;LACADO;157,66
7990;400;2000;TRANSPARENTE;LACADO;192,44
7990;400;2500;TRANSPARENTE;LACADO;217,01
7990;500;500;TRANSPARENTE;LACADO;136,56
7990;500;1000;TRANSPARENTE;LACADO;165,74
7990;500;2000;TRANSPARENTE;LACADO;205,06
7990;500;2500;TRANSPARENTE;LACADO;232,21
7990;600;500;TRANSPARENTE;LACADO;141,83
7990;600;1000;TRANSPARENTE;LACADO;173,83
7990;600;2000;TRANSPARENTE;LACADO;217,68
7990;600;2500;TRANSPARENTE;LACADO;247,41
7990;400;500;TRANSPARENTE;ANODIZADO;133,98
7990;400;1000;TRANSPARENTE;ANODIZADO;161,86
7990;400;2000;TRANSPARENTE;ANODIZADO;199,64
7990;400;2500;TRANSPARENTE;ANODIZADO;225,71
7990;500;500;TRANSPARENTE;ANODIZADO;139,55
7990;500;1000;TRANSPARENTE;ANODIZADO;170,24
7990;500;2000;TRANSPARENTE;ANODIZADO;212,55
7990;500;2500;TRANSPARENTE;ANODIZADO;241,21
7990;600;500;TRANSPARENTE;ANODIZADO;145,12
7990;600;1000;TRANSPARENTE;ANODIZADO;178,62
7990;600;2000;TRANSPARENTE;ANODIZADO;225,47
7990;600;2500;TRANSPARENTE;ANODIZADO;256,71
7990;400;500;COLORMIX01;LACADO;137,28
7990;400;1000;COLORMIX01;LACADO;169,65
7990;400;2000;COLORMIX01;LACADO;213,84
7990;400;2500;COLORMIX01;LACADO;243,76
7990;500;500;COLORMIX01;LACADO;144,05
7990;500;1000;COLORMIX01;LACADO;180,73
7990;500;2000;COLORMIX01;LACADO;231,81
7990;500;2500;COLORMIX01;LACADO;265,65
7990;600;500;COLORMIX01;LACADO;150,82
7990;600;1000;COLORMIX01;LACADO;191,81
7990;600;2000;COLORMIX01;LACADO;249,77
7990;600;2500;COLORMIX01;LACADO;287,53
7990;400;500;COLORMIX01;ANODIZADO;139,98
7990;400;1000;COLORMIX01;ANODIZADO;173,85
7990;400;2000;COLORMIX01;ANODIZADO;221,04
7990;400;2500;COLORMIX01;ANODIZADO;252,45
7990;500;500;COLORMIX01;ANODIZADO;147,05
7990;500;1000;COLORMIX01;ANODIZADO;185,23
7990;500;2000;COLORMIX01;ANODIZADO;239,30
7990;500;2500;COLORMIX01;ANODIZADO;274,64
7990;600;500;COLORMIX01;ANODIZADO;154,12
7990;600;1000;COLORMIX01;ANODIZADO;196,61
7990;600;2000;COLORMIX01;ANODIZADO;257,57
7990;600;2500;COLORMIX01;ANODIZADO;296,83
7990;400;500;GRISOSCURO;LACADO;152,63
7990;400;1000;GRISOSCURO;LACADO;200,34
7990;400;2000;GRISOSCURO;LACADO;269,96
7990;400;2500;GRISOSCURO;LACADO;313,91
7990;500;500;GRISOSCURO;LACADO;163,23
7990;500;1000;GRISOSCURO;LACADO;219,09
7990;500;2000;GRISOSCURO;LACADO;301,96
7990;500;2500;GRISOSCURO;LACADO;353,34
7990;600;500;GRISOSCURO;LACADO;173,84
7990;600;1000;GRISOSCURO;LACADO;237,85
7990;600;2000;GRISOSCURO;LACADO;333,96
7990;600;2500;GRISOSCURO;LACADO;392,76
7990;400;500;GRISOSCURO;ANODIZADO;155,33
7990;400;1000;GRISOSCURO;ANODIZADO;204,54
7990;400;2000;GRISOSCURO;ANODIZADO;277,16
7990;400;2500;GRISOSCURO;ANODIZADO;322,61
7990;500;500;GRISOSCURO;ANODIZADO;166,23
7990;500;1000;GRISOSCURO;ANODIZADO;223,59
7990;500;2000;GRISOSCURO;ANODIZADO;309,45
7990;500;2500;GRISOSCURO;ANODIZADO;362,33
7990;600;500;GRISOSCURO;ANODIZADO;177,14
7990;600;1000;GRISOSCURO;ANODIZADO;242,64
7990;600;2000;GRISOSCURO;ANODIZADO;341,75
7990;600;2500;GRISOSCURO;ANODIZADO;402,06
7990;400;500;MATE;LACADO;145,55
7990;400;1000;MATE;LACADO;186,18
7990;400;2000;MATE;LACADO;221,52
7990;400;2500;MATE;LACADO;253,37
7990;500;500;MATE;LACADO;154,38
7990;500;1000;MATE;LACADO;201,39
7990;500;2000;MATE;LACADO;241,41
7990;500;2500;MATE;LACADO;277,65
7990;600;500;MATE;LACADO;163,22
7990;600;1000;MATE;LACADO;216,60
7990;600;2000;MATE;LACADO;261,30
7990;600;2500;MATE;LACADO;301,94
7990;400;500;MATE;ANODIZADO;148,24
7990;400;1000;MATE;ANODIZADO;190,37
7990;400;2000;MATE;ANODIZADO;228,72
7990;400;2500;MATE;ANODIZADO;262,06
7990;500;500;MATE;ANODIZADO;157,38
7990;500;1000;MATE;ANODIZADO;205,89
7990;500;2000;MATE;ANODIZADO;248,91
7990;500;2500;MATE;ANODIZADO;286,65
7990;600;500;MATE;ANODIZADO;166,51
7990;600;1000;MATE;ANODIZADO;221,40
7990;600;2000;MATE;ANODIZADO;269,09
7990;600;2500;MATE;ANODIZADO;311,23
7991;400;500;SINVIDRIO;LACADO;44,32
7991;400;1000;SINVIDRIO;LACADO;55,70
7991;400;2000;SINVIDRIO;LACADO;75,63
7991;400;2500;SINVIDRIO;LACADO;87,01
7991;500;500;SINVIDRIO;LACADO;46,02
7991;500;1000;SINVIDRIO;LACADO;57,41
7991;500;2000;SINVIDRIO;LACADO;77,34
7991;500;2500;SINVIDRIO;LACADO;88,72
7991;600;500;SINVIDRIO;LACADO;47,73
7991;600;1000;SINVIDRIO;LACADO;59,12
7991;600;2000;SINVIDRIO;LACADO;79,05
7991;600;2500;SINVIDRIO;LACADO;90,43
7991;400;500;SINVIDRIO;ANODIZADO;49,87
7991;400;1000;SINVIDRIO;ANODIZADO;63,56
7991;400;2000;SINVIDRIO;ANODIZADO;87,94
7991;400;2500;SINVIDRIO;ANODIZADO;101,63
7991;500;500;SINVIDRIO;ANODIZADO;52,01
7991;500;1000;SINVIDRIO;ANODIZADO;65,70
7991;500;2000;SINVIDRIO;ANODIZADO;90,08
7991;500;2500;SINVIDRIO;ANODIZADO;103,76
7991;600;500;SINVIDRIO;ANODIZADO;54,15
7991;600;1000;SINVIDRIO;ANODIZADO;67,83
7991;600;2000;SINVIDRIO;ANODIZADO;92,21
7991;600;2500;SINVIDRIO;ANODIZADO;105,90
7991;400;500;SINVIDRIO;RECHAPADO;55,92
7991;400;1000;SINVIDRIO;RECHAPADO;71,41
7991;400;2000;SINVIDRIO;RECHAPADO;99,05
7991;400;2500;SINVIDRIO;RECHAPADO;114,54
7991;500;500;SINVIDRIO;RECHAPADO;58,35
7991;500;1000;SINVIDRIO;RECHAPADO;73,84
7991;500;2000;SINVIDRIO;RECHAPADO;101,48
7991;500;2500;SINVIDRIO;RECHAPADO;116,97
7991;600;500;SINVIDRIO;RECHAPADO;60,78
7991;600;1000;SINVIDRIO;RECHAPADO;76,27
7991;600;2000;SINVIDRIO;RECHAPADO;103,91
7991;600;2500;SINVIDRIO;RECHAPADO;119,40
7991;400;500;TRANSPARENTE;LACADO;122,96
7991;400;1000;TRANSPARENTE;LACADO;147,44
7991;400;2000;TRANSPARENTE;LACADO;179,50
7991;400;2500;TRANSPARENTE;LACADO;202,29
7991;500;500;TRANSPARENTE;LACADO;127,85
7991;500;1000;TRANSPARENTE;LACADO;154,98
7991;500;2000;TRANSPARENTE;LACADO;191,31
7991;500;2500;TRANSPARENTE;LACADO;216,53
7991;600;500;TRANSPARENTE;LACADO;132,74
7991;600;1000;TRANSPARENTE;LACADO;162,52
7991;600;2000;TRANSPARENTE;LACADO;203,11
7991;600;2500;TRANSPARENTE;LACADO;230,76
7991;400;500;TRANSPARENTE;ANODIZADO;125,58
7991;400;1000;TRANSPARENTE;ANODIZADO;151,51
7991;400;2000;TRANSPARENTE;ANODIZADO;186,49
7991;400;2500;TRANSPARENTE;ANODIZADO;210,73
7991;500;500;TRANSPARENTE;ANODIZADO;130,76
7991;500;1000;TRANSPARENTE;ANODIZADO;159,35
7991;500;2000;TRANSPARENTE;ANODIZADO;198,59
7991;500;2500;TRANSPARENTE;ANODIZADO;225,26
7991;600;500;TRANSPARENTE;ANODIZADO;135,94
7991;600;1000;TRANSPARENTE;ANODIZADO;167,18
7991;600;2000;TRANSPARENTE;ANODIZADO;210,68
7991;600;2500;TRANSPARENTE;ANODIZADO;239,79
7991;400;500;TRANSPARENTE;RECHAPADO;130,06
7991;400;1000;TRANSPARENTE;RECHAPADO;158,49
7991;400;2000;TRANSPARENTE;RECHAPADO;198,44
7991;400;2500;TRANSPARENTE;RECHAPADO;225,18
7991;500;500;TRANSPARENTE;RECHAPADO;135,74
7991;500;1000;TRANSPARENTE;RECHAPADO;166,82
7991;500;2000;TRANSPARENTE;RECHAPADO;211,04
7991;500;2500;TRANSPARENTE;RECHAPADO;240,21
7991;600;500;TRANSPARENTE;RECHAPADO;141,42
7991;600;1000;TRANSPARENTE;RECHAPADO;175,15
7991;600;2000;TRANSPARENTE;RECHAPADO;223,64
7991;600;2500;TRANSPARENTE;RECHAPADO;255,23
7991;400;500;COLORMIX01;LACADO;128,60
7991;400;1000;COLORMIX01;LACADO;158,72
7991;400;2000;COLORMIX01;LACADO;199,64
7991;400;2500;COLORMIX01;LACADO;227,46
7991;500;500;COLORMIX01;LACADO;134,90
7991;500;1000;COLORMIX01;LACADO;169,09
7991;500;2000;COLORMIX01;LACADO;216,48
7991;500;2500;COLORMIX01;LACADO;247,99
7991;600;500;COLORMIX01;LACADO;141,20
7991;600;1000;COLORMIX01;LACADO;179,45
7991;600;2000;COLORMIX01;LACADO;233,32
7991;600;2500;COLORMIX01;LACADO;268,52
7991;400;500;COLORMIX01;ANODIZADO;131,22
7991;400;1000;COLORMIX01;ANODIZADO;162,80
7991;400;2000;COLORMIX01;ANODIZADO;206,63
7991;400;2500;COLORMIX01;ANODIZADO;235,91
7991;500;500;COLORMIX01;ANODIZADO;137,81
7991;500;1000;COLORMIX01;ANODIZADO;173,45
7991;500;2000;COLORMIX01;ANODIZADO;223,76
7991;500;2500;COLORMIX01;ANODIZADO;256,73
7991;600;500;COLORMIX01;ANODIZADO;144,41
7991;600;1000;COLORMIX01;ANODIZADO;184,11
7991;600;2000;COLORMIX01;ANODIZADO;240,89
7991;600;2500;COLORMIX01;ANODIZADO;277,55
7991;400;500;COLORMIX01;RECHAPADO;135,70
7991;400;1000;COLORMIX01;RECHAPADO;169,77
7991;400;2000;COLORMIX01;RECHAPADO;218,58
7991;400;2500;COLORMIX01;RECHAPADO;250,35
7991;500;500;COLORMIX01;RECHAPADO;142,79
7991;500;1000;COLORMIX01;RECHAPADO;180,93
7991;500;2000;COLORMIX01;RECHAPADO;236,21
7991;500;2500;COLORMIX01;RECHAPADO;271,67
7991;600;500;COLORMIX01;RECHAPADO;149,89
7991;600;1000;COLORMIX01;RECHAPADO;192,08
7991;600;2000;COLORMIX01;RECHAPADO;253,84
7991;600;2500;COLORMIX01;RECHAPADO;292,99
7991;400;500;GRISOSCURO;LACADO;143,04
7991;400;1000;GRISOSCURO;LACADO;187,61
7991;400;2000;GRISOSCURO;LACADO;252,46
7991;400;2500;GRISOSCURO;LACADO;293,49
7991;500;500;GRISOSCURO;LACADO;152,95
7991;500;1000;GRISOSCURO;LACADO;205,19
7991;500;2000;GRISOSCURO;LACADO;282,51
7991;500;2500;GRISOSCURO;LACADO;330,53
7991;600;500;GRISOSCURO;LACADO;162,87
7991;600;1000;GRISOSCURO;LACADO;222,78
7991;600;2000;GRISOSCURO;LACADO;312,55
7991;600;2500;GRISOSCURO;LACADO;367,56
7991;400;500;GRISOSCURO;ANODIZADO;145,66
7991;400;1000;GRISOSCURO;ANODIZADO;191,69
7991;400;2000;GRISOSCURO;ANODIZADO;259,45
7991;400;2500;GRISOSCURO;ANODIZADO;301,93
7991;500;500;GRISOSCURO;ANODIZADO;155,87
7991;500;1000;GRISOSCURO;ANODIZADO;209,56
7991;500;2000;GRISOSCURO;ANODIZADO;289,79
7991;500;2500;GRISOSCURO;ANODIZADO;339,26
7991;600;500;GRISOSCURO;ANODIZADO;166,07
7991;600;1000;GRISOSCURO;ANODIZADO;227,43
7991;600;2000;GRISOSCURO;ANODIZADO;320,12
7991;600;2500;GRISOSCURO;ANODIZADO;376,59
7991;400;500;GRISOSCURO;RECHAPADO;150,14
7991;400;1000;GRISOSCURO;RECHAPADO;198,66
7991;400;2000;GRISOSCURO;RECHAPADO;271,40
7991;400;2500;GRISOSCURO;RECHAPADO;316,38
7991;500;500;GRISOSCURO;RECHAPADO;160,85
7991;500;1000;GRISOSCURO;RECHAPADO;217,03
7991;500;2000;GRISOSCURO;RECHAPADO;302,24
7991;500;2500;GRISOSCURO;RECHAPADO;354,21
7991;600;500;GRISOSCURO;RECHAPADO;171,55
7991;600;1000;GRISOSCURO;RECHAPADO;235,40
7991;600;2000;GRISOSCURO;RECHAPADO;333,08
7991;600;2500;GRISOSCURO;RECHAPADO;392,03
7991;400;500;MATE;LACADO;136,37
7991;400;1000;MATE;LACADO;174,28
7991;400;2000;MATE;LACADO;206,87
7991;400;2500;MATE;LACADO;236,50
7991;500;500;MATE;LACADO;144,62
7991;500;1000;MATE;LACADO;188,53
7991;500;2000;MATE;LACADO;225,52
7991;500;2500;MATE;LACADO;259,29
7991;600;500;MATE;LACADO;152,87
7991;600;1000;MATE;LACADO;202,78
7991;600;2000;MATE;LACADO;244,17
7991;600;2500;MATE;LACADO;282,08
7991;400;500;MATE;ANODIZADO;139,00
7991;400;1000;MATE;ANODIZADO;178,35
7991;400;2000;MATE;ANODIZADO;213,86
7991;400;2500;MATE;ANODIZADO;244,95
7991;500;500;MATE;ANODIZADO;147,53
7991;500;1000;MATE;ANODIZADO;192,90
7991;500;2000;MATE;ANODIZADO;232,80
7991;500;2500;MATE;ANODIZADO;268,03
7991;600;500;MATE;ANODIZADO;156,07
7991;600;1000;MATE;ANODIZADO;207,44
7991;600;2000;MATE;ANODIZADO;251,74
7991;600;2500;MATE;ANODIZADO;291,11
7991;400;500;MATE;RECHAPADO;143,48
7991;400;1000;MATE;RECHAPADO;185,33
7991;400;2000;MATE;RECHAPADO;225,81
7991;400;2500;MATE;RECHAPADO;259,39
7991;500;500;MATE;RECHAPADO;152,52
7991;500;1000;MATE;RECHAPADO;200,37
7991;500;2000;MATE;RECHAPADO;245,25
7991;500;2500;MATE;RECHAPADO;282,97
7991;600;500;MATE;RECHAPADO;161,55
7991;600;1000;MATE;RECHAPADO;215,41
7991;600;2000;MATE;RECHAPADO;264,69
7991;600;2500;MATE;RECHAPADO;306,55
7993;400;500;SINVIDRIO;LACADO;46,96
7993;400;1000;SINVIDRIO;LACADO;46,66
7993;400;2000;SINVIDRIO;LACADO;67,40
7993;400;2500;SINVIDRIO;LACADO;77,77
7993;500;500;SINVIDRIO;LACADO;47,96
7993;500;1000;SINVIDRIO;LACADO;47,67
7993;500;2000;SINVIDRIO;LACADO;68,41
7993;500;2500;SINVIDRIO;LACADO;78,77
7993;600;500;SINVIDRIO;LACADO;48,97
7993;600;1000;SINVIDRIO;LACADO;48,67
7993;600;2000;SINVIDRIO;LACADO;69,41
7993;600;2500;SINVIDRIO;LACADO;79,78
7993;400;500;SINVIDRIO;ANODIZADO;52,48
7993;400;1000;SINVIDRIO;ANODIZADO;53,60
7993;400;2000;SINVIDRIO;ANODIZADO;78,51
7993;400;2500;SINVIDRIO;ANODIZADO;90,97
7993;500;500;SINVIDRIO;ANODIZADO;53,84
7993;500;1000;SINVIDRIO;ANODIZADO;54,96
7993;500;2000;SINVIDRIO;ANODIZADO;79,87
7993;500;2500;SINVIDRIO;ANODIZADO;92,33
7993;600;500;SINVIDRIO;ANODIZADO;55,20
7993;600;1000;SINVIDRIO;ANODIZADO;56,32
7993;600;2000;SINVIDRIO;ANODIZADO;81,23
7993;600;2500;SINVIDRIO;ANODIZADO;93,68
7993;400;500;SINVIDRIO;RECHAPADO;88,80
7993;400;1000;SINVIDRIO;RECHAPADO;93,45
7993;400;2000;SINVIDRIO;RECHAPADO;126,75
7993;400;2500;SINVIDRIO;RECHAPADO;143,40
7993;500;500;SINVIDRIO;RECHAPADO;90,93
7993;500;1000;SINVIDRIO;RECHAPADO;95,58
7993;500;2000;SINVIDRIO;RECHAPADO;128,88
7993;500;2500;SINVIDRIO;RECHAPADO;145,53
7993;600;500;SINVIDRIO;RECHAPADO;93,06
7993;600;1000;SINVIDRIO;RECHAPADO;97,71
7993;600;2000;SINVIDRIO;RECHAPADO;131,01
7993;600;2500;SINVIDRIO;RECHAPADO;147,66
7993;400;500;TRANSPARENTE;LACADO;126,50
7993;400;1000;TRANSPARENTE;LACADO;139,01
7993;400;2000;TRANSPARENTE;LACADO;186,70
7993;400;2500;TRANSPARENTE;LACADO;210,55
7993;500;500;TRANSPARENTE;LACADO;130,65
7993;500;1000;TRANSPARENTE;LACADO;145,75
7993;500;2000;TRANSPARENTE;LACADO;198,61
7993;500;2500;TRANSPARENTE;LACADO;225,04
7993;600;500;TRANSPARENTE;LACADO;134,80
7993;600;1000;TRANSPARENTE;LACADO;152,48
7993;600;2000;TRANSPARENTE;LACADO;210,51
7993;600;2500;TRANSPARENTE;LACADO;239,53
7993;400;500;TRANSPARENTE;ANODIZADO;129,09
7993;400;1000;TRANSPARENTE;ANODIZADO;143,04
7993;400;2000;TRANSPARENTE;ANODIZADO;193,61
7993;400;2500;TRANSPARENTE;ANODIZADO;218,89
7993;500;500;TRANSPARENTE;ANODIZADO;133,53
7993;500;1000;TRANSPARENTE;ANODIZADO;150,06
7993;500;2000;TRANSPARENTE;ANODIZADO;205,80
7993;500;2500;TRANSPARENTE;ANODIZADO;233,67
7993;600;500;TRANSPARENTE;ANODIZADO;137,97
7993;600;1000;TRANSPARENTE;ANODIZADO;157,09
7993;600;2000;TRANSPARENTE;ANODIZADO;217,99
7993;600;2500;TRANSPARENTE;ANODIZADO;248,44
7993;400;500;TRANSPARENTE;RECHAPADO;134,97
7993;400;1000;TRANSPARENTE;RECHAPADO;152,19
7993;400;2000;TRANSPARENTE;RECHAPADO;209,30
7993;400;2500;TRANSPARENTE;RECHAPADO;237,86
7993;500;500;TRANSPARENTE;RECHAPADO;140,07
7993;500;1000;TRANSPARENTE;RECHAPADO;159,87
7993;500;2000;TRANSPARENTE;RECHAPADO;222,15
7993;500;2500;TRANSPARENTE;RECHAPADO;253,29
7993;600;500;TRANSPARENTE;RECHAPADO;145,16
7993;600;1000;TRANSPARENTE;RECHAPADO;167,55
7993;600;2000;TRANSPARENTE;RECHAPADO;234,99
7993;600;2500;TRANSPARENTE;RECHAPADO;268,72
7993;400;500;COLORMIX01;LACADO;133,71
7993;400;1000;COLORMIX01;LACADO;156,86
7993;400;2000;COLORMIX01;LACADO;196,77
7993;400;2500;COLORMIX01;LACADO;223,13
7993;500;500;COLORMIX01;LACADO;139,77
7993;500;1000;COLORMIX01;LACADO;167,23
7993;500;2000;COLORMIX01;LACADO;214,02
7993;500;2500;COLORMIX01;LACADO;244,31
7993;600;500;COLORMIX01;LACADO;145,83
7993;600;1000;COLORMIX01;LACADO;177,60
7993;600;2000;COLORMIX01;LACADO;231,28
7993;600;2500;COLORMIX01;LACADO;265,48
7993;400;500;COLORMIX01;ANODIZADO;136,30
7993;400;1000;COLORMIX01;ANODIZADO;160,88
7993;400;2000;COLORMIX01;ANODIZADO;203,67
7993;400;2500;COLORMIX01;ANODIZADO;231,47
7993;500;500;COLORMIX01;ANODIZADO;142,65
7993;500;1000;COLORMIX01;ANODIZADO;171,54
7993;500;2000;COLORMIX01;ANODIZADO;221,21
7993;500;2500;COLORMIX01;ANODIZADO;252,93
7993;600;500;COLORMIX01;ANODIZADO;148,99
7993;600;1000;COLORMIX01;ANODIZADO;182,20
7993;600;2000;COLORMIX01;ANODIZADO;238,75
7993;600;2500;COLORMIX01;ANODIZADO;274,40
7993;400;500;COLORMIX01;RECHAPADO;142,19
7993;400;1000;COLORMIX01;RECHAPADO;170,04
7993;400;2000;COLORMIX01;RECHAPADO;219,37
7993;400;2500;COLORMIX01;RECHAPADO;250,44
7993;500;500;COLORMIX01;RECHAPADO;149,19
7993;500;1000;COLORMIX01;RECHAPADO;181,35
7993;500;2000;COLORMIX01;RECHAPADO;237,56
7993;500;2500;COLORMIX01;RECHAPADO;272,55
7993;600;500;COLORMIX01;RECHAPADO;156,19
7993;600;1000;COLORMIX01;RECHAPADO;192,66
7993;600;2000;COLORMIX01;RECHAPADO;255,76
7993;600;2500;COLORMIX01;RECHAPADO;294,67
7993;400;500;GRISOSCURO;LACADO;149,06
7993;400;1000;GRISOSCURO;LACADO;187,55
7993;400;2000;GRISOSCURO;LACADO;252,89
7993;400;2500;GRISOSCURO;LACADO;293,28
7993;500;500;GRISOSCURO;LACADO;158,95
7993;500;1000;GRISOSCURO;LACADO;205,59
7993;500;2000;GRISOSCURO;LACADO;284,17
7993;500;2500;GRISOSCURO;LACADO;332,00
7993;600;500;GRISOSCURO;LACADO;168,85
7993;600;1000;GRISOSCURO;LACADO;223,63
7993;600;2000;GRISOSCURO;LACADO;315,46
7993;600;2500;GRISOSCURO;LACADO;370,71
7993;400;500;GRISOSCURO;ANODIZADO;151,65
7993;400;1000;GRISOSCURO;ANODIZADO;191,57
7993;400;2000;GRISOSCURO;ANODIZADO;259,79
7993;400;2500;GRISOSCURO;ANODIZADO;301,62
7993;500;500;GRISOSCURO;ANODIZADO;161,83
7993;500;1000;GRISOSCURO;ANODIZADO;209,90
7993;500;2000;GRISOSCURO;ANODIZADO;291,37
7993;500;2500;GRISOSCURO;ANODIZADO;340,63
7993;600;500;GRISOSCURO;ANODIZADO;172,01
7993;600;1000;GRISOSCURO;ANODIZADO;228,24
7993;600;2000;GRISOSCURO;ANODIZADO;322,94
7993;600;2500;GRISOSCURO;ANODIZADO;379,63
7993;400;500;GRISOSCURO;RECHAPADO;157,53
7993;400;1000;GRISOSCURO;RECHAPADO;200,73
7993;400;2000;GRISOSCURO;RECHAPADO;275,49
7993;400;2500;GRISOSCURO;RECHAPADO;320,59
7993;500;500;GRISOSCURO;RECHAPADO;168,37
7993;500;1000;GRISOSCURO;RECHAPADO;219,71
7993;500;2000;GRISOSCURO;RECHAPADO;307,71
7993;500;2500;GRISOSCURO;RECHAPADO;360,24
7993;600;500;GRISOSCURO;RECHAPADO;179,20
7993;600;1000;GRISOSCURO;RECHAPADO;238,70
7993;600;2000;GRISOSCURO;RECHAPADO;339,94
7993;600;2500;GRISOSCURO;RECHAPADO;399,90
7993;400;500;MATE;LACADO;147,33
7993;400;1000;MATE;LACADO;168,03
7993;400;2000;MATE;LACADO;204,45
7993;400;2500;MATE;LACADO;232,73
7993;500;500;MATE;LACADO;155,45
7993;500;1000;MATE;LACADO;182,53
7993;500;2000;MATE;LACADO;223,63
7993;500;2500;MATE;LACADO;256,31
7993;600;500;MATE;LACADO;163,57
7993;600;1000;MATE;LACADO;197,04
7993;600;2000;MATE;LACADO;242,80
7993;600;2500;MATE;LACADO;279,89
7993;400;500;MATE;ANODIZADO;151,35
7993;400;1000;MATE;ANODIZADO;170,62
7993;400;2000;MATE;ANODIZADO;211,35
7993;400;2500;MATE;ANODIZADO;241,08
7993;500;500;MATE;ANODIZADO;159,76
7993;500;1000;MATE;ANODIZADO;185,41
7993;500;2000;MATE;ANODIZADO;230,82
7993;500;2500;MATE;ANODIZADO;264,94
7993;600;500;MATE;ANODIZADO;168,18
7993;600;1000;MATE;ANODIZADO;200,20
7993;600;2000;MATE;ANODIZADO;250,28
7993;600;2500;MATE;ANODIZADO;288,81
7993;400;500;MATE;RECHAPADO;150,45
7993;400;1000;MATE;RECHAPADO;186,56
7993;400;2000;MATE;RECHAPADO;227,05
7993;400;2500;MATE;RECHAPADO;260,04
7993;500;500;MATE;RECHAPADO;159,52
7993;500;1000;MATE;RECHAPADO;202,01
7993;500;2000;MATE;RECHAPADO;247,17
7993;500;2500;MATE;RECHAPADO;284,56
7993;600;500;MATE;RECHAPADO;168,58
7993;600;1000;MATE;RECHAPADO;217,45
7993;600;2000;MATE;RECHAPADO;267,28
7993;600;2500;MATE;RECHAPADO;309,08
7994;400;500;SINVIDRIO;LACADO;43,87
7994;400;1000;SINVIDRIO;LACADO;55,00
7994;400;2000;SINVIDRIO;LACADO;74,43
7994;400;2500;SINVIDRIO;LACADO;85,57
7994;500;500;SINVIDRIO;LACADO;45,53
7994;500;1000;SINVIDRIO;LACADO;56,66
7994;500;2000;SINVIDRIO;LACADO;76,09
7994;500;2500;SINVIDRIO;LACADO;87,23
7994;600;500;SINVIDRIO;LACADO;47,19
7994;600;1000;SINVIDRIO;LACADO;58,32
7994;600;2000;SINVIDRIO;LACADO;77,75
7994;600;2500;SINVIDRIO;LACADO;88,89
7994;400;500;SINVIDRIO;ANODIZADO;46,57
7994;400;1000;SINVIDRIO;ANODIZADO;59,20
7994;400;2000;SINVIDRIO;ANODIZADO;81,63
7994;400;2500;SINVIDRIO;ANODIZADO;94,26
7994;500;500;SINVIDRIO;ANODIZADO;48,53
7994;500;1000;SINVIDRIO;ANODIZADO;61,16
7994;500;2000;SINVIDRIO;ANODIZADO;83,59
7994;500;2500;SINVIDRIO;ANODIZADO;96,22
7994;600;500;SINVIDRIO;ANODIZADO;50,49
7994;600;1000;SINVIDRIO;ANODIZADO;63,12
7994;600;2000;SINVIDRIO;ANODIZADO;85,55
7994;600;2500;SINVIDRIO;ANODIZADO;98,18
7994;400;500;TRANSPARENTE;LACADO;130,19
7994;400;1000;TRANSPARENTE;LACADO;155,96
7994;400;2000;TRANSPARENTE;LACADO;189,53
7994;400;2500;TRANSPARENTE;LACADO;213,49
7994;500;500;TRANSPARENTE;LACADO;135,34
7994;500;1000;TRANSPARENTE;LACADO;163,92
7994;500;2000;TRANSPARENTE;LACADO;202,02
7994;500;2500;TRANSPARENTE;LACADO;228,57
7994;600;500;TRANSPARENTE;LACADO;140,49
7994;600;1000;TRANSPARENTE;LACADO;171,88
7994;600;2000;TRANSPARENTE;LACADO;214,52
7994;600;2500;TRANSPARENTE;LACADO;243,65
7994;400;500;TRANSPARENTE;ANODIZADO;132,89
7994;400;1000;TRANSPARENTE;ANODIZADO;160,15
7994;400;2000;TRANSPARENTE;ANODIZADO;196,72
7994;400;2500;TRANSPARENTE;ANODIZADO;222,18
7994;500;500;TRANSPARENTE;ANODIZADO;138,34
7994;500;1000;TRANSPARENTE;ANODIZADO;168,42
7994;500;2000;TRANSPARENTE;ANODIZADO;209,51
7994;500;2500;TRANSPARENTE;ANODIZADO;237,56
7994;600;500;TRANSPARENTE;ANODIZADO;143,79
7994;600;1000;TRANSPARENTE;ANODIZADO;176,68
7994;600;2000;TRANSPARENTE;ANODIZADO;222,31
7994;600;2500;TRANSPARENTE;ANODIZADO;252,94
7994;400;500;COLORMIX01;LACADO;136,19
7994;400;1000;COLORMIX01;LACADO;167,95
7994;400;2000;COLORMIX01;LACADO;210,92
7994;400;2500;COLORMIX01;LACADO;240,24
7994;500;500;COLORMIX01;LACADO;142,84
7994;500;1000;COLORMIX01;LACADO;178,91
7994;500;2000;COLORMIX01;LACADO;228,77
7994;500;2500;COLORMIX01;LACADO;262,00
7994;600;500;COLORMIX01;LACADO;149,48
7994;600;1000;COLORMIX01;LACADO;189,87
7994;600;2000;COLORMIX01;LACADO;246,61
7994;600;2500;COLORMIX01;LACADO;283,77
7994;400;500;COLORMIX01;ANODIZADO;138,89
7994;400;1000;COLORMIX01;ANODIZADO;172,14
7994;400;2000;COLORMIX01;ANODIZADO;218,12
7994;400;2500;COLORMIX01;ANODIZADO;248,93
7994;500;500;COLORMIX01;ANODIZADO;145,83
7994;500;1000;COLORMIX01;ANODIZADO;183,40
7994;500;2000;COLORMIX01;ANODIZADO;236,26
7994;500;2500;COLORMIX01;ANODIZADO;270,99
7994;600;500;COLORMIX01;ANODIZADO;152,78
7994;600;1000;COLORMIX01;ANODIZADO;194,66
7994;600;2000;COLORMIX01;ANODIZADO;254,41
7994;600;2500;COLORMIX01;ANODIZADO;293,06
7994;400;500;GRISOSCURO;LACADO;151,53
7994;400;1000;GRISOSCURO;LACADO;198,64
7994;400;2000;GRISOSCURO;LACADO;267,05
7994;400;2500;GRISOSCURO;LACADO;310,39
7994;500;500;GRISOSCURO;LACADO;162,02
7994;500;1000;GRISOSCURO;LACADO;217,27
7994;500;2000;GRISOSCURO;LACADO;298,92
7994;500;2500;GRISOSCURO;LACADO;349,69
7994;600;500;GRISOSCURO;LACADO;172,50
7994;600;1000;GRISOSCURO;LACADO;235,90
7994;600;2000;GRISOSCURO;LACADO;330,80
7994;600;2500;GRISOSCURO;LACADO;389,00
7994;400;500;GRISOSCURO;ANODIZADO;154,23
7994;400;1000;GRISOSCURO;ANODIZADO;202,83
7994;400;2000;GRISOSCURO;ANODIZADO;274,24
7994;400;2500;GRISOSCURO;ANODIZADO;319,08
7994;500;500;GRISOSCURO;ANODIZADO;165,01
7994;500;1000;GRISOSCURO;ANODIZADO;221,77
7994;500;2000;GRISOSCURO;ANODIZADO;306,41
7994;500;2500;GRISOSCURO;ANODIZADO;358,69
7994;600;500;GRISOSCURO;ANODIZADO;175,80
7994;600;1000;GRISOSCURO;ANODIZADO;240,70
7994;600;2000;GRISOSCURO;ANODIZADO;338,59
7994;600;2500;GRISOSCURO;ANODIZADO;398,29
7994;400;500;MATE;LACADO;144,45
7994;400;1000;MATE;LACADO;184,47
7994;400;2000;MATE;LACADO;218,61
7994;400;2500;MATE;LACADO;249,84
7994;500;500;MATE;LACADO;153,16
7994;500;1000;MATE;LACADO;199,57
7994;500;2000;MATE;LACADO;238,37
7994;500;2500;MATE;LACADO;274,01
7994;600;500;MATE;LACADO;161,88
7994;600;1000;MATE;LACADO;214,66
7994;600;2000;MATE;LACADO;258,14
7994;600;2500;MATE;LACADO;298,17
7994;400;500;MATE;ANODIZADO;137,65
7994;400;1000;MATE;ANODIZADO;180,40
7994;400;2000;MATE;ANODIZADO;228,76
7994;400;2500;MATE;ANODIZADO;264,27
7994;500;500;MATE;ANODIZADO;146,92
7994;500;1000;MATE;ANODIZADO;194,92
7994;500;2000;MATE;ANODIZADO;247,12
7994;500;2500;MATE;ANODIZADO;286,26
7994;600;500;MATE;ANODIZADO;156,18
7994;600;1000;MATE;ANODIZADO;209,44
7994;600;2000;MATE;ANODIZADO;265,49
7994;600;2500;MATE;ANODIZADO;308,25
7995;400;500;SINVIDRIO;LACADO;41,33
7995;400;1000;SINVIDRIO;LACADO;52,16
7995;400;2000;SINVIDRIO;LACADO;71,14
7995;400;2500;SINVIDRIO;LACADO;81,96
7995;400;2800;SINVIDRIO;LACADO;500,00
7995;500;500;SINVIDRIO;LACADO;42,82
7995;500;1000;SINVIDRIO;LACADO;53,65
7995;500;2000;SINVIDRIO;LACADO;72,62
7995;500;2500;SINVIDRIO;LACADO;83,45
7995;500;2800;SINVIDRIO;LACADO;500,00
7995;600;500;SINVIDRIO;LACADO;44,31
7995;600;1000;SINVIDRIO;LACADO;55,13
7995;600;2000;SINVIDRIO;LACADO;74,11
7995;600;2500;SINVIDRIO;LACADO;84,93
7995;600;2800;SINVIDRIO;LACADO;500,00
7995;400;500;SINVIDRIO;ANODIZADO;45,24
7995;400;1000;SINVIDRIO;ANODIZADO;58,31
7995;400;2000;SINVIDRIO;ANODIZADO;81,78
7995;400;2500;SINVIDRIO;ANODIZADO;94,84
7995;400;2800;SINVIDRIO;ANODIZADO;500,00
7995;500;500;SINVIDRIO;ANODIZADO;47,15
7995;500;1000;SINVIDRIO;ANODIZADO;60,21
7995;500;2000;SINVIDRIO;ANODIZADO;83,68
7995;500;2500;SINVIDRIO;ANODIZADO;96,75
7995;500;2800;SINVIDRIO;ANODIZADO;500,00
7995;600;500;SINVIDRIO;ANODIZADO;49,05
7995;600;1000;SINVIDRIO;ANODIZADO;62,12
7995;600;2000;SINVIDRIO;ANODIZADO;85,58
7995;600;2500;SINVIDRIO;ANODIZADO;98,65
7995;600;2800;SINVIDRIO;ANODIZADO;500,00
7995;400;500;TRANSPARENTE;LACADO;130,24
7995;400;1000;TRANSPARENTE;LACADO;156,37
7995;400;2000;TRANSPARENTE;LACADO;190,67
7995;400;2500;TRANSPARENTE;LACADO;215,00
7995;400;2800;TRANSPARENTE;LACADO;500,00
7995;500;500;TRANSPARENTE;LACADO;135,31
7995;500;1000;TRANSPARENTE;LACADO;164,26
7995;500;2000;TRANSPARENTE;LACADO;203,09
7995;500;2500;TRANSPARENTE;LACADO;230,00
7995;500;2800;TRANSPARENTE;LACADO;500,00
7995;600;500;TRANSPARENTE;LACADO;140,38
7995;600;1000;TRANSPARENTE;LACADO;172,14
7995;600;2000;TRANSPARENTE;LACADO;215,51
7995;600;2500;TRANSPARENTE;LACADO;245,00
7995;600;2800;TRANSPARENTE;LACADO;500,00
7995;400;500;TRANSPARENTE;ANODIZADO;134,40
7995;400;1000;TRANSPARENTE;ANODIZADO;162,91
7995;400;2000;TRANSPARENTE;ANODIZADO;201,98
7995;400;2500;TRANSPARENTE;ANODIZADO;228,69
7995;400;2800;TRANSPARENTE;ANODIZADO;500,00
7995;500;500;TRANSPARENTE;ANODIZADO;139,91
7995;500;1000;TRANSPARENTE;ANODIZADO;171,24
7995;500;2000;TRANSPARENTE;ANODIZADO;214,84
7995;500;2500;TRANSPARENTE;ANODIZADO;244,13
7995;500;2800;TRANSPARENTE;ANODIZADO;500,00
7995;600;500;TRANSPARENTE;ANODIZADO;145,42
7995;600;1000;TRANSPARENTE;ANODIZADO;179,56
7995;600;2000;TRANSPARENTE;ANODIZADO;227,70
7995;600;2500;TRANSPARENTE;ANODIZADO;259,58
7995;600;2800;TRANSPARENTE;ANODIZADO;500,00
7995;400;500;COLORMIX01;LACADO;136,24
7995;400;1000;COLORMIX01;LACADO;168,36
7995;400;2000;COLORMIX01;LACADO;212,07
7995;400;2500;COLORMIX01;LACADO;241,75
7995;400;2800;COLORMIX01;LACADO;500,00
7995;500;500;COLORMIX01;LACADO;142,81
7995;500;1000;COLORMIX01;LACADO;179,25
7995;500;2000;COLORMIX01;LACADO;229,84
7995;500;2500;COLORMIX01;LACADO;263,44
7995;500;2800;COLORMIX01;LACADO;500,00
7995;600;500;COLORMIX01;LACADO;149,38
7995;600;1000;COLORMIX01;LACADO;190,13
7995;600;2000;COLORMIX01;LACADO;247,60
7995;600;2500;COLORMIX01;LACADO;285,12
7995;600;2800;COLORMIX01;LACADO;500,00
7995;400;500;COLORMIX01;ANODIZADO;140,39
7995;400;1000;COLORMIX01;ANODIZADO;174,90
7995;400;2000;COLORMIX01;ANODIZADO;223,38
7995;400;2500;COLORMIX01;ANODIZADO;255,44
7995;400;2800;COLORMIX01;ANODIZADO;500,00
7995;500;500;COLORMIX01;ANODIZADO;147,40
7995;500;1000;COLORMIX01;ANODIZADO;186,22
7995;500;2000;COLORMIX01;ANODIZADO;241,58
7995;500;2500;COLORMIX01;ANODIZADO;277,57
7995;500;2800;COLORMIX01;ANODIZADO;500,00
7995;600;500;COLORMIX01;ANODIZADO;154,41
7995;600;1000;COLORMIX01;ANODIZADO;197,55
7995;600;2000;COLORMIX01;ANODIZADO;259,79
7995;600;2500;COLORMIX01;ANODIZADO;299,70
7995;600;2800;COLORMIX01;ANODIZADO;500,00
7995;400;500;GRISOSCURO;LACADO;151,58
7995;400;1000;GRISOSCURO;LACADO;199,05
7995;400;2000;GRISOSCURO;LACADO;268,19
7995;400;2500;GRISOSCURO;LACADO;311,90
7995;400;2800;GRISOSCURO;LACADO;500,00
7995;500;500;GRISOSCURO;LACADO;161,99
7995;500;1000;GRISOSCURO;LACADO;217,61
7995;500;2000;GRISOSCURO;LACADO;299,99
7995;500;2500;GRISOSCURO;LACADO;351,13
7995;500;2800;GRISOSCURO;LACADO;500,00
7995;600;500;GRISOSCURO;LACADO;172,39
7995;600;1000;GRISOSCURO;LACADO;236,16
7995;600;2000;GRISOSCURO;LACADO;331,79
7995;600;2500;GRISOSCURO;LACADO;390,35
7995;600;2800;GRISOSCURO;LACADO;500,00
7995;400;500;GRISOSCURO;ANODIZADO;155,74
7995;400;1000;GRISOSCURO;ANODIZADO;205,59
7995;400;2000;GRISOSCURO;ANODIZADO;279,50
7995;400;2500;GRISOSCURO;ANODIZADO;325,59
7995;400;2800;GRISOSCURO;ANODIZADO;500,00
7995;500;500;GRISOSCURO;ANODIZADO;166,58
7995;500;1000;GRISOSCURO;ANODIZADO;224,59
7995;500;2000;GRISOSCURO;ANODIZADO;311,74
7995;500;2500;GRISOSCURO;ANODIZADO;365,26
7995;500;2800;GRISOSCURO;ANODIZADO;500,00
7995;600;500;GRISOSCURO;ANODIZADO;177,43
7995;600;1000;GRISOSCURO;ANODIZADO;243,58
7995;600;2000;GRISOSCURO;ANODIZADO;343,98
7995;600;2500;GRISOSCURO;ANODIZADO;404,93
7995;600;2800;GRISOSCURO;ANODIZADO;500,00
7995;400;500;MATE;LACADO;144,50
7995;400;1000;MATE;LACADO;184,89
7995;400;2000;MATE;LACADO;219,76
7995;400;2500;MATE;LACADO;251,35
7995;400;2800;MATE;LACADO;500,00
7995;500;500;MATE;LACADO;153,14
7995;500;1000;MATE;LACADO;199,90
7995;500;2000;MATE;LACADO;239,44
7995;500;2500;MATE;LACADO;275,44
7995;500;2800;MATE;LACADO;500,00
7995;600;500;MATE;LACADO;161,77
7995;600;1000;MATE;LACADO;214,92
7995;600;2000;MATE;LACADO;259,13
7995;600;2500;MATE;LACADO;299,53
7995;600;2800;MATE;LACADO;500,00
7995;400;500;MATE;ANODIZADO;148,65
7995;400;1000;MATE;ANODIZADO;191,43
7995;400;2000;MATE;ANODIZADO;231,06
7995;400;2500;MATE;ANODIZADO;265,04
7995;400;2800;MATE;ANODIZADO;500,00
7995;500;500;MATE;ANODIZADO;157,73
7995;500;1000;MATE;ANODIZADO;206,88
7995;500;2000;MATE;ANODIZADO;251,19
7995;500;2500;MATE;ANODIZADO;289,57
7995;500;2800;MATE;ANODIZADO;500,00
7995;600;500;MATE;ANODIZADO;166,81
7995;600;1000;MATE;ANODIZADO;222,34
7995;600;2000;MATE;ANODIZADO;271,32
7995;600;2500;MATE;ANODIZADO;314,10
7995;600;2800;MATE;ANODIZADO;500,00
7996;400;500;SINVIDRIO;LACADO;43,21
7996;400;1000;SINVIDRIO;LACADO;53,66
7996;400;2000;SINVIDRIO;LACADO;68,89
7996;400;2500;SINVIDRIO;LACADO;79,34
7996;500;500;SINVIDRIO;LACADO;44,16
7996;500;1000;SINVIDRIO;LACADO;54,61
7996;500;2000;SINVIDRIO;LACADO;69,85
7996;500;2500;SINVIDRIO;LACADO;80,30
7996;600;500;SINVIDRIO;LACADO;45,12
7996;600;1000;SINVIDRIO;LACADO;55,57
7996;600;2000;SINVIDRIO;LACADO;70,80
7996;600;2500;SINVIDRIO;LACADO;81,25
7996;400;500;SINVIDRIO;ANODIZADO;45,79
7996;400;1000;SINVIDRIO;ANODIZADO;57,68
7996;400;2000;SINVIDRIO;ANODIZADO;75,79
7996;400;2500;SINVIDRIO;ANODIZADO;87,68
7996;500;500;SINVIDRIO;ANODIZADO;47,04
7996;500;1000;SINVIDRIO;ANODIZADO;58,93
7996;500;2000;SINVIDRIO;ANODIZADO;77,04
7996;500;2500;SINVIDRIO;ANODIZADO;88,93
7996;600;500;SINVIDRIO;ANODIZADO;48,28
7996;600;1000;SINVIDRIO;ANODIZADO;60,17
7996;600;2000;SINVIDRIO;ANODIZADO;78,28
7996;600;2500;SINVIDRIO;ANODIZADO;90,17
7996;400;500;SINVIDRIO;RECHAPADO;46,01
7996;400;1000;SINVIDRIO;RECHAPADO;58,34
7996;400;2000;SINVIDRIO;RECHAPADO;80,16
7996;400;2500;SINVIDRIO;RECHAPADO;92,48
7996;500;500;SINVIDRIO;RECHAPADO;47,91
7996;500;1000;SINVIDRIO;RECHAPADO;60,24
7996;500;2000;SINVIDRIO;RECHAPADO;82,05
7996;500;2500;SINVIDRIO;RECHAPADO;94,38
7996;600;500;SINVIDRIO;RECHAPADO;49,81
7996;600;1000;SINVIDRIO;RECHAPADO;62,13
7996;600;2000;SINVIDRIO;RECHAPADO;83,95
7996;600;2500;SINVIDRIO;RECHAPADO;96,28
7996;400;500;TRANSPARENTE;LACADO;129,53
7996;400;1000;TRANSPARENTE;LACADO;154,61
7996;400;2000;TRANSPARENTE;LACADO;183,98
7996;400;2500;TRANSPARENTE;LACADO;207,26
7996;500;500;TRANSPARENTE;LACADO;133,98
7996;500;1000;TRANSPARENTE;LACADO;161,87
7996;500;2000;TRANSPARENTE;LACADO;195,77
7996;500;2500;TRANSPARENTE;LACADO;221,64
7996;600;500;TRANSPARENTE;LACADO;138,42
7996;600;1000;TRANSPARENTE;LACADO;169,13
7996;600;2000;TRANSPARENTE;LACADO;207,57
7996;600;2500;TRANSPARENTE;LACADO;236,01
7996;400;500;TRANSPARENTE;ANODIZADO;132,12
7996;400;1000;TRANSPARENTE;ANODIZADO;158,64
7996;400;2000;TRANSPARENTE;ANODIZADO;190,89
7996;400;2500;TRANSPARENTE;ANODIZADO;215,60
7996;500;500;TRANSPARENTE;ANODIZADO;136,85
7996;500;1000;TRANSPARENTE;ANODIZADO;166,19
7996;500;2000;TRANSPARENTE;ANODIZADO;202,97
7996;500;2500;TRANSPARENTE;ANODIZADO;230,27
7996;600;500;TRANSPARENTE;ANODIZADO;141,59
7996;600;1000;TRANSPARENTE;ANODIZADO;173,73
7996;600;2000;TRANSPARENTE;ANODIZADO;215,04
7996;600;2500;TRANSPARENTE;ANODIZADO;244,93
7996;400;500;TRANSPARENTE;RECHAPADO;132,34
7996;400;1000;TRANSPARENTE;RECHAPADO;159,29
7996;400;2000;TRANSPARENTE;RECHAPADO;195,25
7996;400;2500;TRANSPARENTE;RECHAPADO;220,40
7996;500;500;TRANSPARENTE;RECHAPADO;137,73
7996;500;1000;TRANSPARENTE;RECHAPADO;167,50
7996;500;2000;TRANSPARENTE;RECHAPADO;207,98
7996;500;2500;TRANSPARENTE;RECHAPADO;235,72
7996;600;500;TRANSPARENTE;RECHAPADO;143,11
7996;600;1000;TRANSPARENTE;RECHAPADO;175,70
7996;600;2000;TRANSPARENTE;RECHAPADO;220,71
7996;600;2500;TRANSPARENTE;RECHAPADO;251,04
7996;400;500;COLORMIX01;LACADO;129,86
7996;400;1000;COLORMIX01;LACADO;158,10
7996;400;2000;COLORMIX01;LACADO;194,05
7996;400;2500;COLORMIX01;LACADO;219,84
7996;500;500;COLORMIX01;LACADO;135,80
7996;500;1000;COLORMIX01;LACADO;168,36
7996;500;2000;COLORMIX01;LACADO;211,19
7996;500;2500;COLORMIX01;LACADO;240,91
7996;600;500;COLORMIX01;LACADO;141,75
7996;600;1000;COLORMIX01;LACADO;178,62
7996;600;2000;COLORMIX01;LACADO;228,33
7996;600;2500;COLORMIX01;LACADO;261,97
7996;400;500;COLORMIX01;ANODIZADO;132,45
7996;400;1000;COLORMIX01;ANODIZADO;162,13
7996;400;2000;COLORMIX01;ANODIZADO;200,95
7996;400;2500;COLORMIX01;ANODIZADO;228,18
7996;500;500;COLORMIX01;ANODIZADO;138,68
7996;500;1000;COLORMIX01;ANODIZADO;172,67
7996;500;2000;COLORMIX01;ANODIZADO;218,38
7996;500;2500;COLORMIX01;ANODIZADO;249,53
7996;600;500;COLORMIX01;ANODIZADO;144,91
7996;600;1000;COLORMIX01;ANODIZADO;183,22
7996;600;2000;COLORMIX01;ANODIZADO;235,81
7996;600;2500;COLORMIX01;ANODIZADO;270,88
7996;400;500;COLORMIX01;RECHAPADO;138,33
7996;400;1000;COLORMIX01;RECHAPADO;171,29
7996;400;2000;COLORMIX01;RECHAPADO;216,65
7996;400;2500;COLORMIX01;RECHAPADO;247,15
7996;500;500;COLORMIX01;RECHAPADO;145,22
7996;500;1000;COLORMIX01;RECHAPADO;182,48
7996;500;2000;COLORMIX01;RECHAPADO;234,73
7996;500;2500;COLORMIX01;RECHAPADO;269,15
7996;600;500;COLORMIX01;RECHAPADO;152,11
7996;600;1000;COLORMIX01;RECHAPADO;193,68
7996;600;2000;COLORMIX01;RECHAPADO;252,81
7996;600;2500;COLORMIX01;RECHAPADO;291,16
7996;400;500;GRISOSCURO;LACADO;145,20
7996;400;1000;GRISOSCURO;LACADO;188,79
7996;400;2000;GRISOSCURO;LACADO;250,17
7996;400;2500;GRISOSCURO;LACADO;290,00
7996;500;500;GRISOSCURO;LACADO;154,99
7996;500;1000;GRISOSCURO;LACADO;206,72
7996;500;2000;GRISOSCURO;LACADO;281,34
7996;500;2500;GRISOSCURO;LACADO;328,60
7996;600;500;GRISOSCURO;LACADO;164,77
7996;600;1000;GRISOSCURO;LACADO;224,65
7996;600;2000;GRISOSCURO;LACADO;312,51
7996;600;2500;GRISOSCURO;LACADO;367,20
7996;400;500;GRISOSCURO;ANODIZADO;147,79
7996;400;1000;GRISOSCURO;ANODIZADO;192,82
7996;400;2000;GRISOSCURO;ANODIZADO;257,07
7996;400;2500;GRISOSCURO;ANODIZADO;298,34
7996;500;500;GRISOSCURO;ANODIZADO;157,86
7996;500;1000;GRISOSCURO;ANODIZADO;211,04
7996;500;2000;GRISOSCURO;ANODIZADO;288,53
7996;500;2500;GRISOSCURO;ANODIZADO;337,23
7996;600;500;GRISOSCURO;ANODIZADO;167,93
7996;600;1000;GRISOSCURO;ANODIZADO;229,26
7996;600;2000;GRISOSCURO;ANODIZADO;319,99
7996;600;2500;GRISOSCURO;ANODIZADO;376,11
7996;400;500;GRISOSCURO;RECHAPADO;153,68
7996;400;1000;GRISOSCURO;RECHAPADO;201,98
7996;400;2000;GRISOSCURO;RECHAPADO;272,77
7996;400;2500;GRISOSCURO;RECHAPADO;317,30
7996;500;500;GRISOSCURO;RECHAPADO;164,40
7996;500;1000;GRISOSCURO;RECHAPADO;220,85
7996;500;2000;GRISOSCURO;RECHAPADO;304,88
7996;500;2500;GRISOSCURO;RECHAPADO;356,84
7996;600;500;GRISOSCURO;RECHAPADO;175,12
7996;600;1000;GRISOSCURO;RECHAPADO;239,72
7996;600;2000;GRISOSCURO;RECHAPADO;336,99
7996;600;2500;GRISOSCURO;RECHAPADO;396,39
7996;400;500;MATE;LACADO;138,12
7996;400;1000;MATE;LACADO;174,63
7996;400;2000;MATE;LACADO;201,73
7996;400;2500;MATE;LACADO;229,45
7996;500;500;MATE;LACADO;146,13
7996;500;1000;MATE;LACADO;189,02
7996;500;2000;MATE;LACADO;220,79
7996;500;2500;MATE;LACADO;252,91
7996;600;500;MATE;LACADO;154,14
7996;600;1000;MATE;LACADO;203,41
7996;600;2000;MATE;LACADO;239,85
7996;600;2500;MATE;LACADO;276,37
7996;400;500;MATE;ANODIZADO;140,71
7996;400;1000;MATE;ANODIZADO;178,66
7996;400;2000;MATE;ANODIZADO;208,63
7996;400;2500;MATE;ANODIZADO;237,79
7996;500;500;MATE;ANODIZADO;149,01
7996;500;1000;MATE;ANODIZADO;193,33
7996;500;2000;MATE;ANODIZADO;227,98
7996;500;2500;MATE;ANODIZADO;261,54
7996;600;500;MATE;ANODIZADO;157,31
7996;600;1000;MATE;ANODIZADO;208,01
7996;600;2000;MATE;ANODIZADO;247,33
7996;600;2500;MATE;ANODIZADO;285,29
7996;400;500;MATE;RECHAPADO;146,60
7996;400;1000;MATE;RECHAPADO;187,81
7996;400;2000;MATE;RECHAPADO;224,33
7996;400;2500;MATE;RECHAPADO;256,75
7996;500;500;MATE;RECHAPADO;155,55
7996;500;1000;MATE;RECHAPADO;203,14
7996;500;2000;MATE;RECHAPADO;244,33
7996;500;2500;MATE;RECHAPADO;281,16
7996;600;500;MATE;RECHAPADO;164,50
7996;600;1000;MATE;RECHAPADO;218,47
7996;600;2000;MATE;RECHAPADO;264,34
7996;600;2500;MATE;RECHAPADO;305,56
7998;400;500;SINVIDRIO;LACADO;42,35
7998;400;1000;SINVIDRIO;LACADO;53,43
7998;400;2000;SINVIDRIO;LACADO;72,90
7998;400;2500;SINVIDRIO;LACADO;83,97
7998;500;500;SINVIDRIO;LACADO;44,04
7998;500;1000;SINVIDRIO;LACADO;55,11
7998;500;2000;SINVIDRIO;LACADO;74,58
7998;500;2500;SINVIDRIO;LACADO;85,65
7998;600;500;SINVIDRIO;LACADO;45,72
7998;600;1000;SINVIDRIO;LACADO;56,79
7998;600;2000;SINVIDRIO;LACADO;76,26
7998;600;2500;SINVIDRIO;LACADO;87,33
7998;400;500;SINVIDRIO;ANODIZADO;46,24
7998;400;1000;SINVIDRIO;ANODIZADO;59,47
7998;400;2000;SINVIDRIO;ANODIZADO;83,25
7998;400;2500;SINVIDRIO;ANODIZADO;96,48
7998;500;500;SINVIDRIO;ANODIZADO;48,35
7998;500;1000;SINVIDRIO;ANODIZADO;61,58
7998;500;2000;SINVIDRIO;ANODIZADO;85,37
7998;500;2500;SINVIDRIO;ANODIZADO;98,59
7998;600;500;SINVIDRIO;ANODIZADO;50,46
7998;600;1000;SINVIDRIO;ANODIZADO;63,69
7998;600;2000;SINVIDRIO;ANODIZADO;87,48
7998;600;2500;SINVIDRIO;ANODIZADO;100,71
7998;400;500;TRANSPARENTE;LACADO;131,33
7998;400;1000;TRANSPARENTE;LACADO;157,72
7998;400;2000;TRANSPARENTE;LACADO;192,55
7998;400;2500;TRANSPARENTE;LACADO;217,14
7998;500;500;TRANSPARENTE;LACADO;136,60
7998;500;1000;TRANSPARENTE;LACADO;165,81
7998;500;2000;TRANSPARENTE;LACADO;205,17
7998;500;2500;TRANSPARENTE;LACADO;232,35
7998;600;500;TRANSPARENTE;LACADO;141,88
7998;600;1000;TRANSPARENTE;LACADO;173,90
7998;600;2000;TRANSPARENTE;LACADO;217,79
7998;600;2500;TRANSPARENTE;LACADO;247,55
7998;400;500;TRANSPARENTE;ANODIZADO;134,21
7998;400;1000;TRANSPARENTE;ANODIZADO;162,21
7998;400;2000;TRANSPARENTE;ANODIZADO;200,25
7998;400;2500;TRANSPARENTE;ANODIZADO;226,45
7998;500;500;TRANSPARENTE;ANODIZADO;139,81
7998;500;1000;TRANSPARENTE;ANODIZADO;170,62
7998;500;2000;TRANSPARENTE;ANODIZADO;213,19
7998;500;2500;TRANSPARENTE;ANODIZADO;241,97
7998;600;500;TRANSPARENTE;ANODIZADO;145,41
7998;600;1000;TRANSPARENTE;ANODIZADO;179,03
7998;600;2000;TRANSPARENTE;ANODIZADO;226,13
7998;600;2500;TRANSPARENTE;ANODIZADO;257,50
7998;400;500;COLORMIX01;LACADO;137,32
7998;400;1000;COLORMIX01;LACADO;169,71
7998;400;2000;COLORMIX01;LACADO;213,95
7998;400;2500;COLORMIX01;LACADO;243,89
7998;500;500;COLORMIX01;LACADO;144,10
7998;500;1000;COLORMIX01;LACADO;180,80
7998;500;2000;COLORMIX01;LACADO;231,92
7998;500;2500;COLORMIX01;LACADO;265,78
7998;600;500;COLORMIX01;LACADO;150,87
7998;600;1000;COLORMIX01;LACADO;191,88
7998;600;2000;COLORMIX01;LACADO;249,89
7998;600;2500;COLORMIX01;LACADO;287,67
7998;400;500;COLORMIX01;ANODIZADO;140,21
7998;400;1000;COLORMIX01;ANODIZADO;174,20
7998;400;2000;COLORMIX01;ANODIZADO;221,65
7998;400;2500;COLORMIX01;ANODIZADO;253,19
7998;500;500;COLORMIX01;ANODIZADO;147,30
7998;500;1000;COLORMIX01;ANODIZADO;185,61
7998;500;2000;COLORMIX01;ANODIZADO;239,94
7998;500;2500;COLORMIX01;ANODIZADO;275,41
7998;600;500;COLORMIX01;ANODIZADO;154,40
7998;600;1000;COLORMIX01;ANODIZADO;197,02
7998;600;2000;COLORMIX01;ANODIZADO;258,23
7998;600;2500;COLORMIX01;ANODIZADO;297,62
7998;400;500;GRISOSCURO;LACADO;152,67
7998;400;1000;GRISOSCURO;LACADO;200,40
7998;400;2000;GRISOSCURO;LACADO;270,07
7998;400;2500;GRISOSCURO;LACADO;314,04
7998;500;500;GRISOSCURO;LACADO;163,28
7998;500;1000;GRISOSCURO;LACADO;219,16
7998;500;2000;GRISOSCURO;LACADO;302,07
7998;500;2500;GRISOSCURO;LACADO;353,47
7998;600;500;GRISOSCURO;LACADO;173,89
7998;600;1000;GRISOSCURO;LACADO;237,92
7998;600;2000;GRISOSCURO;LACADO;334,07
7998;600;2500;GRISOSCURO;LACADO;392,90
7998;400;500;GRISOSCURO;ANODIZADO;155,55
7998;400;1000;GRISOSCURO;ANODIZADO;204,89
7998;400;2000;GRISOSCURO;ANODIZADO;277,77
7998;400;2500;GRISOSCURO;ANODIZADO;323,35
7998;500;500;GRISOSCURO;ANODIZADO;166,49
7998;500;1000;GRISOSCURO;ANODIZADO;223,97
7998;500;2000;GRISOSCURO;ANODIZADO;310,09
7998;500;2500;GRISOSCURO;ANODIZADO;363,10
7998;600;500;GRISOSCURO;ANODIZADO;177,42
7998;600;1000;GRISOSCURO;ANODIZADO;243,05
7998;600;2000;GRISOSCURO;ANODIZADO;342,41
7998;600;2500;GRISOSCURO;ANODIZADO;402,85
7998;400;500;MATE;LACADO;145,59
7998;400;1000;MATE;LACADO;186,24
7998;400;2000;MATE;LACADO;221,63
7998;400;2500;MATE;LACADO;253,50
7998;500;500;MATE;LACADO;154,42
7998;500;1000;MATE;LACADO;201,46
7998;500;2000;MATE;LACADO;241,52
7998;500;2500;MATE;LACADO;277,79
7998;600;500;MATE;LACADO;163,26
7998;600;1000;MATE;LACADO;216,67
7998;600;2000;MATE;LACADO;261,41
7998;600;2500;MATE;LACADO;302,08
7998;400;500;MATE;ANODIZADO;148,47
7998;400;1000;MATE;ANODIZADO;190,73
7998;400;2000;MATE;ANODIZADO;229,33
7998;400;2500;MATE;ANODIZADO;262,80
7998;500;500;MATE;ANODIZADO;157,63
7998;500;1000;MATE;ANODIZADO;206,27
7998;500;2000;MATE;ANODIZADO;249,54
7998;500;2500;MATE;ANODIZADO;287,41
7998;600;500;MATE;ANODIZADO;166,79
7998;600;1000;MATE;ANODIZADO;221,81
7998;600;2000;MATE;ANODIZADO;269,76
7998;600;2500;MATE;ANODIZADO;312,03
7999;400;500;SINVIDRIO;LACADO;46,01
7999;400;1000;SINVIDRIO;LACADO;58,34
7999;400;2000;SINVIDRIO;LACADO;80,16
7999;400;2500;SINVIDRIO;LACADO;92,48
7999;500;500;SINVIDRIO;LACADO;47,91
7999;500;1000;SINVIDRIO;LACADO;60,24
7999;500;2000;SINVIDRIO;LACADO;82,05
7999;500;2500;SINVIDRIO;LACADO;94,38
7999;600;500;SINVIDRIO;LACADO;49,81
7999;600;1000;SINVIDRIO;LACADO;62,13
7999;600;2000;SINVIDRIO;LACADO;83,95
7999;600;2500;SINVIDRIO;LACADO;96,28
7999;400;500;SINVIDRIO;ANODIZADO;50,60
7999;400;1000;SINVIDRIO;ANODIZADO;65,48
7999;400;2000;SINVIDRIO;ANODIZADO;92,39
7999;400;2500;SINVIDRIO;ANODIZADO;107,27
7999;500;500;SINVIDRIO;ANODIZADO;53,01
7999;500;1000;SINVIDRIO;ANODIZADO;67,89
7999;500;2000;SINVIDRIO;ANODIZADO;94,80
7999;500;2500;SINVIDRIO;ANODIZADO;109,68
7999;600;500;SINVIDRIO;ANODIZADO;55,42
7999;600;1000;SINVIDRIO;ANODIZADO;70,30
7999;600;2000;SINVIDRIO;ANODIZADO;97,21
7999;600;2500;SINVIDRIO;ANODIZADO;112,09
7999;400;500;TRANSPARENTE;LACADO;132,34
7999;400;1000;TRANSPARENTE;LACADO;159,29
7999;400;2000;TRANSPARENTE;LACADO;195,25
7999;400;2500;TRANSPARENTE;LACADO;220,40
7999;500;500;TRANSPARENTE;LACADO;137,73
7999;500;1000;TRANSPARENTE;LACADO;167,50
7999;500;2000;TRANSPARENTE;LACADO;207,98
7999;500;2500;TRANSPARENTE;LACADO;235,72
7999;600;500;TRANSPARENTE;LACADO;143,11
7999;600;1000;TRANSPARENTE;LACADO;175,70
7999;600;2000;TRANSPARENTE;LACADO;220,71
7999;600;2500;TRANSPARENTE;LACADO;251,04
7999;400;500;TRANSPARENTE;ANODIZADO;136,93
7999;400;1000;TRANSPARENTE;ANODIZADO;166,43
7999;400;2000;TRANSPARENTE;ANODIZADO;207,49
7999;400;2500;TRANSPARENTE;ANODIZADO;235,19
7999;500;500;TRANSPARENTE;ANODIZADO;142,83
7999;500;1000;TRANSPARENTE;ANODIZADO;175,15
7999;500;2000;TRANSPARENTE;ANODIZADO;220,73
7999;500;2500;TRANSPARENTE;ANODIZADO;251,02
7999;600;500;TRANSPARENTE;ANODIZADO;148,72
7999;600;1000;TRANSPARENTE;ANODIZADO;183,86
7999;600;2000;TRANSPARENTE;ANODIZADO;233,97
7999;600;2500;TRANSPARENTE;ANODIZADO;266,85
7999;400;500;COLORMIX01;LACADO;138,33
7999;400;1000;COLORMIX01;LACADO;171,29
7999;400;2000;COLORMIX01;LACADO;216,65
7999;400;2500;COLORMIX01;LACADO;247,15
7999;500;500;COLORMIX01;LACADO;145,22
7999;500;1000;COLORMIX01;LACADO;182,48
7999;500;2000;COLORMIX01;LACADO;234,73
7999;500;2500;COLORMIX01;LACADO;269,15
7999;600;500;COLORMIX01;LACADO;152,11
7999;600;1000;COLORMIX01;LACADO;193,68
7999;600;2000;COLORMIX01;LACADO;252,81
7999;600;2500;COLORMIX01;LACADO;291,16
7999;400;500;COLORMIX01;ANODIZADO;142,92
7999;400;1000;COLORMIX01;ANODIZADO;178,43
7999;400;2000;COLORMIX01;ANODIZADO;228,89
7999;400;2500;COLORMIX01;ANODIZADO;261,94
7999;500;500;COLORMIX01;ANODIZADO;150,32
7999;500;1000;COLORMIX01;ANODIZADO;190,13
7999;500;2000;COLORMIX01;ANODIZADO;247,48
7999;500;2500;COLORMIX01;ANODIZADO;284,45
7999;600;500;COLORMIX01;ANODIZADO;157,72
7999;600;1000;COLORMIX01;ANODIZADO;201,84
7999;600;2000;COLORMIX01;ANODIZADO;266,07
7999;600;2500;COLORMIX01;ANODIZADO;306,97
7999;400;500;GRISOSCURO;LACADO;153,68
7999;400;1000;GRISOSCURO;LACADO;201,98
7999;400;2000;GRISOSCURO;LACADO;272,77
7999;400;2500;GRISOSCURO;LACADO;317,30
7999;500;500;GRISOSCURO;LACADO;164,40
7999;500;1000;GRISOSCURO;LACADO;220,85
7999;500;2000;GRISOSCURO;LACADO;304,88
7999;500;2500;GRISOSCURO;LACADO;356,84
7999;600;500;GRISOSCURO;LACADO;175,12
7999;600;1000;GRISOSCURO;LACADO;239,72
7999;600;2000;GRISOSCURO;LACADO;336,99
7999;600;2500;GRISOSCURO;LACADO;396,39
7999;400;500;GRISOSCURO;ANODIZADO;158,27
7999;400;1000;GRISOSCURO;ANODIZADO;209,12
7999;400;2000;GRISOSCURO;ANODIZADO;285,01
7999;400;2500;GRISOSCURO;ANODIZADO;332,09
7999;500;500;GRISOSCURO;ANODIZADO;169,50
7999;500;1000;GRISOSCURO;ANODIZADO;228,50
7999;500;2000;GRISOSCURO;ANODIZADO;317,63
7999;500;2500;GRISOSCURO;ANODIZADO;372,14
7999;600;500;GRISOSCURO;ANODIZADO;180,73
7999;600;1000;GRISOSCURO;ANODIZADO;247,88
7999;600;2000;GRISOSCURO;ANODIZADO;350,25
7999;600;2500;GRISOSCURO;ANODIZADO;412,20
7999;400;500;MATE;LACADO;146,60
7999;400;1000;MATE;LACADO;187,81
7999;400;2000;MATE;LACADO;224,33
7999;400;2500;MATE;LACADO;256,75
7999;500;500;MATE;LACADO;155,55
7999;500;1000;MATE;LACADO;203,14
7999;500;2000;MATE;LACADO;244,33
7999;500;2500;MATE;LACADO;281,16
7999;600;500;MATE;LACADO;164,50
7999;600;1000;MATE;LACADO;218,47
7999;600;2000;MATE;LACADO;264,34
7999;600;2500;MATE;LACADO;305,56
7999;400;500;MATE;ANODIZADO;151,19
7999;400;1000;MATE;ANODIZADO;194,95
7999;400;2000;MATE;ANODIZADO;236,57
7999;400;2500;MATE;ANODIZADO;271,54
7999;500;500;MATE;ANODIZADO;160,65
7999;500;1000;MATE;ANODIZADO;210,79
7999;500;2000;MATE;ANODIZADO;257,08
7999;500;2500;MATE;ANODIZADO;296,46
7999;600;500;MATE;ANODIZADO;170,11
7999;600;1000;MATE;ANODIZADO;226,63
7999;600;2000;MATE;ANODIZADO;277,60
7999;600;2500;MATE;ANODIZADO;321,37
79916;400;500;SINVIDRIO;LACADO;38,56
79916;400;1000;SINVIDRIO;LACADO;46,74
79916;400;2000;SINVIDRIO;LACADO;60,28
79916;400;2500;SINVIDRIO;LACADO;68,46
79916;500;500;SINVIDRIO;LACADO;39,63
79916;500;1000;SINVIDRIO;LACADO;47,81
79916;500;2000;SINVIDRIO;LACADO;61,35
79916;500;2500;SINVIDRIO;LACADO;69,53
79916;600;500;SINVIDRIO;LACADO;40,70
79916;600;1000;SINVIDRIO;LACADO;48,88
79916;600;2000;SINVIDRIO;LACADO;62,42
79916;600;2500;SINVIDRIO;LACADO;70,60
79916;400;500;SINVIDRIO;ANODIZADO;41,15
79916;400;1000;SINVIDRIO;ANODIZADO;50,77
79916;400;2000;SINVIDRIO;ANODIZADO;67,18
79916;400;2500;SINVIDRIO;ANODIZADO;76,80
79916;500;500;SINVIDRIO;ANODIZADO;42,51
79916;500;1000;SINVIDRIO;ANODIZADO;52,13
79916;500;2000;SINVIDRIO;ANODIZADO;68,54
79916;500;2500;SINVIDRIO;ANODIZADO;78,16
79916;600;500;SINVIDRIO;ANODIZADO;43,86
79916;600;1000;SINVIDRIO;ANODIZADO;53,49
79916;600;2000;SINVIDRIO;ANODIZADO;69,90
79916;600;2500;SINVIDRIO;ANODIZADO;79,52
79916;400;500;TRANSPARENTE;LACADO;124,88
79916;400;1000;TRANSPARENTE;LACADO;147,70
79916;400;2000;TRANSPARENTE;LACADO;175,37
79916;400;2500;TRANSPARENTE;LACADO;196,38
79916;500;500;TRANSPARENTE;LACADO;129,44
79916;500;1000;TRANSPARENTE;LACADO;155,07
79916;500;2000;TRANSPARENTE;LACADO;187,27
79916;500;2500;TRANSPARENTE;LACADO;210,87
79916;600;500;TRANSPARENTE;LACADO;134,00
79916;600;1000;TRANSPARENTE;LACADO;162,44
79916;600;2000;TRANSPARENTE;LACADO;199,18
79916;600;2500;TRANSPARENTE;LACADO;225,36
79916;400;500;TRANSPARENTE;ANODIZADO;127,47
79916;400;1000;TRANSPARENTE;ANODIZADO;151,73
79916;400;2000;TRANSPARENTE;ANODIZADO;182,27
79916;400;2500;TRANSPARENTE;ANODIZADO;204,72
79916;500;500;TRANSPARENTE;ANODIZADO;132,32
79916;500;1000;TRANSPARENTE;ANODIZADO;159,39
79916;500;2000;TRANSPARENTE;ANODIZADO;194,47
79916;500;2500;TRANSPARENTE;ANODIZADO;219,50
79916;600;500;TRANSPARENTE;ANODIZADO;137,17
79916;600;1000;TRANSPARENTE;ANODIZADO;167,05
79916;600;2000;TRANSPARENTE;ANODIZADO;206,66
79916;600;2500;TRANSPARENTE;ANODIZADO;234,28
79916;400;500;COLORMIX01;LACADO;130,88
79916;400;1000;COLORMIX01;LACADO;159,69
79916;400;2000;COLORMIX01;LACADO;196,77
79916;400;2500;COLORMIX01;LACADO;223,13
79916;500;500;COLORMIX01;LACADO;136,94
79916;500;1000;COLORMIX01;LACADO;170,06
79916;500;2000;COLORMIX01;LACADO;214,02
79916;500;2500;COLORMIX01;LACADO;244,31
79916;600;500;COLORMIX01;LACADO;143,00
79916;600;1000;COLORMIX01;LACADO;180,43
79916;600;2000;COLORMIX01;LACADO;231,28
79916;600;2500;COLORMIX01;LACADO;265,48
79916;400;500;COLORMIX01;ANODIZADO;134,83
79916;400;1000;COLORMIX01;ANODIZADO;165,07
79916;400;2000;COLORMIX01;ANODIZADO;205,03
79916;400;2500;COLORMIX01;ANODIZADO;232,83
79916;500;500;COLORMIX01;ANODIZADO;141,17
79916;500;1000;COLORMIX01;ANODIZADO;175,73
79916;500;2000;COLORMIX01;ANODIZADO;222,57
79916;500;2500;COLORMIX01;ANODIZADO;254,29
79916;600;500;COLORMIX01;ANODIZADO;153,07
79916;600;1000;COLORMIX01;ANODIZADO;183,22
79916;600;2000;COLORMIX01;ANODIZADO;245,66
79916;600;2500;COLORMIX01;ANODIZADO;236,03
79916;400;500;GRISOSCURO;LACADO;146,22
79916;400;1000;GRISOSCURO;LACADO;190,38
79916;400;2000;GRISOSCURO;LACADO;252,89
79916;400;2500;GRISOSCURO;LACADO;293,28
79916;500;500;GRISOSCURO;LACADO;156,12
79916;500;1000;GRISOSCURO;LACADO;208,42
79916;500;2000;GRISOSCURO;LACADO;284,17
79916;500;2500;GRISOSCURO;LACADO;332,00
79916;600;500;GRISOSCURO;LACADO;166,01
79916;600;1000;GRISOSCURO;LACADO;226,47
79916;600;2000;GRISOSCURO;LACADO;315,46
79916;600;2500;GRISOSCURO;LACADO;370,71
79916;400;500;GRISOSCURO;ANODIZADO;148,81
79916;400;1000;GRISOSCURO;ANODIZADO;194,41
79916;400;2000;GRISOSCURO;ANODIZADO;259,79
79916;400;2500;GRISOSCURO;ANODIZADO;301,62
79916;500;500;GRISOSCURO;ANODIZADO;159,00
79916;500;1000;GRISOSCURO;ANODIZADO;212,74
79916;500;2000;GRISOSCURO;ANODIZADO;291,37
79916;500;2500;GRISOSCURO;ANODIZADO;340,63
79916;600;500;GRISOSCURO;ANODIZADO;169,18
79916;600;1000;GRISOSCURO;ANODIZADO;231,07
79916;600;2000;GRISOSCURO;ANODIZADO;322,94
79916;600;2500;GRISOSCURO;ANODIZADO;379,63
79916;400;500;MATE;LACADO;139,14
79916;400;1000;MATE;LACADO;176,22
79916;400;2000;MATE;LACADO;204,45
79916;400;2500;MATE;LACADO;232,73
79916;500;500;MATE;LACADO;147,27
79916;500;1000;MATE;LACADO;190,72
79916;500;2000;MATE;LACADO;223,63
79916;500;2500;MATE;LACADO;256,31
79916;600;500;MATE;LACADO;155,39
79916;600;1000;MATE;LACADO;205,22
79916;600;2000;MATE;LACADO;242,80
79916;600;2500;MATE;LACADO;279,89
79916;400;500;MATE;ANODIZADO;141,73
79916;400;1000;MATE;ANODIZADO;180,24
79916;400;2000;MATE;ANODIZADO;211,35
79916;400;2500;MATE;ANODIZADO;241,08
79916;500;500;MATE;ANODIZADO;150,14
79916;500;1000;MATE;ANODIZADO;195,03
79916;500;2000;MATE;ANODIZADO;230,82
79916;500;2500;MATE;ANODIZADO;264,94
79916;600;500;MATE;ANODIZADO;158,55
79916;600;1000;MATE;ANODIZADO;209,82
79916;600;2000;MATE;ANODIZADO;250,28
79916;600;2500;MATE;ANODIZADO;288,81
BT110;400;500;SINVIDRIO;LACADO;50,61
BT110;400;1000;SINVIDRIO;LACADO;65,49
BT110;400;2000;SINVIDRIO;LACADO;92,42
BT110;400;2500;SINVIDRIO;LACADO;107,30
BT110;400;2600;SINVIDRIO;LACADO;500,00
BT110;500;500;SINVIDRIO;LACADO;53,02
BT110;500;1000;SINVIDRIO;LACADO;67,90
BT110;500;2000;SINVIDRIO;LACADO;94,83
BT110;500;2500;SINVIDRIO;LACADO;109,71
BT110;500;2600;SINVIDRIO;LACADO;500,00
BT110;600;500;SINVIDRIO;LACADO;55,43
BT110;600;1000;SINVIDRIO;LACADO;70,31
BT110;600;2000;SINVIDRIO;LACADO;97,24
BT110;600;2500;SINVIDRIO;LACADO;112,12
BT110;600;2600;SINVIDRIO;LACADO;500,00
BT110;400;500;SINVIDRIO;ANODIZADO;55,79
BT110;400;1000;SINVIDRIO;ANODIZADO;73,55
BT110;400;2000;SINVIDRIO;ANODIZADO;106,23
BT110;400;2500;SINVIDRIO;ANODIZADO;123,99
BT110;400;2600;SINVIDRIO;ANODIZADO;500,00
BT110;500;500;SINVIDRIO;ANODIZADO;58,78
BT110;500;1000;SINVIDRIO;ANODIZADO;76,54
BT110;500;2000;SINVIDRIO;ANODIZADO;109,22
BT110;500;2500;SINVIDRIO;ANODIZADO;126,98
BT110;500;2600;SINVIDRIO;ANODIZADO;500,00
BT110;600;500;SINVIDRIO;ANODIZADO;61,76
BT110;600;1000;SINVIDRIO;ANODIZADO;79,52
BT110;600;2000;SINVIDRIO;ANODIZADO;112,20
BT110;600;2500;SINVIDRIO;ANODIZADO;129,96
BT110;600;2600;SINVIDRIO;ANODIZADO;500,00
BT110;400;500;SINVIDRIO;RECHAPADO;57,36
BT110;400;1000;SINVIDRIO;RECHAPADO;75,99
BT110;400;2000;SINVIDRIO;RECHAPADO;110,41
BT110;400;2500;SINVIDRIO;RECHAPADO;129,04
BT110;400;2600;SINVIDRIO;RECHAPADO;500,00
BT110;500;500;SINVIDRIO;RECHAPADO;60,52
BT110;500;1000;SINVIDRIO;RECHAPADO;79,15
BT110;500;2000;SINVIDRIO;RECHAPADO;113,57
BT110;500;2500;SINVIDRIO;RECHAPADO;132,20
BT110;500;2600;SINVIDRIO;RECHAPADO;500,00
BT110;600;500;SINVIDRIO;RECHAPADO;63,68
BT110;600;1000;SINVIDRIO;RECHAPADO;82,31
BT110;600;2000;SINVIDRIO;RECHAPADO;116,73
BT110;600;2500;SINVIDRIO;RECHAPADO;135,36
BT110;600;2600;SINVIDRIO;RECHAPADO;500,00
BT110;400;500;TRANSPARENTE;LACADO;136,94
BT110;400;1000;TRANSPARENTE;LACADO;166,45
BT110;400;2000;TRANSPARENTE;LACADO;207,52
BT110;400;2500;TRANSPARENTE;LACADO;235,23
BT110;400;2600;TRANSPARENTE;LACADO;500,00
BT110;500;500;TRANSPARENTE;LACADO;142,84
BT110;500;1000;TRANSPARENTE;LACADO;175,16
BT110;500;2000;TRANSPARENTE;LACADO;220,76
BT110;500;2500;TRANSPARENTE;LACADO;251,05
BT110;500;2600;TRANSPARENTE;LACADO;500,00
BT110;600;500;TRANSPARENTE;LACADO;148,74
BT110;600;1000;TRANSPARENTE;LACADO;183,87
BT110;600;2000;TRANSPARENTE;LACADO;234,00
BT110;600;2500;TRANSPARENTE;LACADO;266,88
BT110;600;2600;TRANSPARENTE;LACADO;500,00
BT110;400;500;TRANSPARENTE;ANODIZADO;142,12
BT110;400;1000;TRANSPARENTE;ANODIZADO;174,51
BT110;400;2000;TRANSPARENTE;ANODIZADO;221,33
BT110;400;2500;TRANSPARENTE;ANODIZADO;251,91
BT110;400;2600;TRANSPARENTE;ANODIZADO;500,00
BT110;500;500;TRANSPARENTE;ANODIZADO;148,59
BT110;500;1000;TRANSPARENTE;ANODIZADO;183,79
BT110;500;2000;TRANSPARENTE;ANODIZADO;235,15
BT110;500;2500;TRANSPARENTE;ANODIZADO;268,32
BT110;500;2600;TRANSPARENTE;ANODIZADO;500,00
BT110;600;500;TRANSPARENTE;ANODIZADO;155,07
BT110;600;1000;TRANSPARENTE;ANODIZADO;193,08
BT110;600;2000;TRANSPARENTE;ANODIZADO;248,97
BT110;600;2500;TRANSPARENTE;ANODIZADO;284,72
BT110;600;2600;TRANSPARENTE;ANODIZADO;500,00
BT110;400;500;TRANSPARENTE;RECHAPADO;143,69
BT110;400;1000;TRANSPARENTE;RECHAPADO;176,95
BT110;400;2000;TRANSPARENTE;RECHAPADO;225,51
BT110;400;2500;TRANSPARENTE;RECHAPADO;256,97
BT110;400;2600;TRANSPARENTE;RECHAPADO;500,00
BT110;500;500;TRANSPARENTE;RECHAPADO;150,33
BT110;500;1000;TRANSPARENTE;RECHAPADO;186,41
BT110;500;2000;TRANSPARENTE;RECHAPADO;239,50
BT110;500;2500;TRANSPARENTE;RECHAPADO;273,54
BT110;500;2600;TRANSPARENTE;RECHAPADO;500,00
BT110;600;500;TRANSPARENTE;RECHAPADO;156,98
BT110;600;1000;TRANSPARENTE;RECHAPADO;195,87
BT110;600;2000;TRANSPARENTE;RECHAPADO;253,50
BT110;600;2500;TRANSPARENTE;RECHAPADO;290,12
BT110;600;2600;TRANSPARENTE;RECHAPADO;500,00
BT110;400;500;COLORMIX01;LACADO;142,93
BT110;400;1000;COLORMIX01;LACADO;178,44
BT110;400;2000;COLORMIX01;LACADO;228,91
BT110;400;2500;COLORMIX01;LACADO;261,97
BT110;400;2600;COLORMIX01;LACADO;500,00
BT110;500;500;COLORMIX01;LACADO;150,33
BT110;500;1000;COLORMIX01;LACADO;190,15
BT110;500;2000;COLORMIX01;LACADO;247,51
BT110;500;2500;COLORMIX01;LACADO;284,49
BT110;500;2600;COLORMIX01;LACADO;500,00
BT110;600;500;COLORMIX01;LACADO;157,73
BT110;600;1000;COLORMIX01;LACADO;201,86
BT110;600;2000;COLORMIX01;LACADO;266,10
BT110;600;2500;COLORMIX01;LACADO;307,00
BT110;600;2600;COLORMIX01;LACADO;500,00
BT110;400;500;COLORMIX01;ANODIZADO;148,11
BT110;400;1000;COLORMIX01;ANODIZADO;186,50
BT110;400;2000;COLORMIX01;ANODIZADO;242,72
BT110;400;2500;COLORMIX01;ANODIZADO;278,66
BT110;400;2600;COLORMIX01;ANODIZADO;500,00
BT110;500;500;COLORMIX01;ANODIZADO;156,09
BT110;500;1000;COLORMIX01;ANODIZADO;198,78
BT110;500;2000;COLORMIX01;ANODIZADO;261,89
BT110;500;2500;COLORMIX01;ANODIZADO;301,75
BT110;500;2600;COLORMIX01;ANODIZADO;500,00
BT110;600;500;COLORMIX01;ANODIZADO;164,06
BT110;600;1000;COLORMIX01;ANODIZADO;211,07
BT110;600;2000;COLORMIX01;ANODIZADO;281,06
BT110;600;2500;COLORMIX01;ANODIZADO;324,84
BT110;600;2600;COLORMIX01;ANODIZADO;500,00
BT110;400;500;COLORMIX01;RECHAPADO;149,68
BT110;400;1000;COLORMIX01;RECHAPADO;188,94
BT110;400;2000;COLORMIX01;RECHAPADO;246,91
BT110;400;2500;COLORMIX01;RECHAPADO;283,71
BT110;400;2600;COLORMIX01;RECHAPADO;500,00
BT110;500;500;COLORMIX01;RECHAPADO;157,83
BT110;500;1000;COLORMIX01;RECHAPADO;201,40
BT110;500;2000;COLORMIX01;RECHAPADO;266,25
BT110;500;2500;COLORMIX01;RECHAPADO;306,98
BT110;500;2600;COLORMIX01;RECHAPADO;500,00
BT110;600;500;COLORMIX01;RECHAPADO;165,97
BT110;600;1000;COLORMIX01;RECHAPADO;213,86
BT110;600;2000;COLORMIX01;RECHAPADO;285,59
BT110;600;2500;COLORMIX01;RECHAPADO;330,24
BT110;600;2600;COLORMIX01;RECHAPADO;500,00
BT110;400;500;GRISOSCURO;LACADO;158,28
BT110;400;1000;GRISOSCURO;LACADO;209,13
BT110;400;2000;GRISOSCURO;LACADO;285,04
BT110;400;2500;GRISOSCURO;LACADO;332,13
BT110;400;2600;GRISOSCURO;LACADO;500,00
BT110;500;500;GRISOSCURO;LACADO;169,51
BT110;500;1000;GRISOSCURO;LACADO;228,51
BT110;500;2000;GRISOSCURO;LACADO;317,66
BT110;500;2500;GRISOSCURO;LACADO;372,18
BT110;500;2600;GRISOSCURO;LACADO;500,00
BT110;600;500;GRISOSCURO;LACADO;180,75
BT110;600;1000;GRISOSCURO;LACADO;247,90
BT110;600;2000;GRISOSCURO;LACADO;350,28
BT110;600;2500;GRISOSCURO;LACADO;412,23
BT110;600;2600;GRISOSCURO;LACADO;500,00
BT110;400;500;GRISOSCURO;ANODIZADO;163,46
BT110;400;1000;GRISOSCURO;ANODIZADO;217,19
BT110;400;2000;GRISOSCURO;ANODIZADO;298,85
BT110;400;2500;GRISOSCURO;ANODIZADO;348,81
BT110;400;2600;GRISOSCURO;ANODIZADO;500,00
BT110;500;500;GRISOSCURO;ANODIZADO;175,27
BT110;500;1000;GRISOSCURO;ANODIZADO;237,15
BT110;500;2000;GRISOSCURO;ANODIZADO;332,05
BT110;500;2500;GRISOSCURO;ANODIZADO;389,44
BT110;500;2600;GRISOSCURO;ANODIZADO;500,00
BT110;600;500;GRISOSCURO;ANODIZADO;187,08
BT110;600;1000;GRISOSCURO;ANODIZADO;257,10
BT110;600;2000;GRISOSCURO;ANODIZADO;365,25
BT110;600;2500;GRISOSCURO;ANODIZADO;430,07
BT110;600;2600;GRISOSCURO;ANODIZADO;500,00
BT110;400;500;GRISOSCURO;RECHAPADO;165,03
BT110;400;1000;GRISOSCURO;RECHAPADO;219,63
BT110;400;2000;GRISOSCURO;RECHAPADO;303,03
BT110;400;2500;GRISOSCURO;RECHAPADO;353,87
BT110;400;2600;GRISOSCURO;RECHAPADO;500,00
BT110;500;500;GRISOSCURO;RECHAPADO;177,01
BT110;500;1000;GRISOSCURO;RECHAPADO;239,76
BT110;500;2000;GRISOSCURO;RECHAPADO;336,40
BT110;500;2500;GRISOSCURO;RECHAPADO;394,67
BT110;500;2600;GRISOSCURO;RECHAPADO;500,00
BT110;600;500;GRISOSCURO;RECHAPADO;188,99
BT110;600;1000;GRISOSCURO;RECHAPADO;259,89
BT110;600;2000;GRISOSCURO;RECHAPADO;369,78
BT110;600;2500;GRISOSCURO;RECHAPADO;435,47
BT110;600;2600;GRISOSCURO;RECHAPADO;500,00
BT110;400;500;MATE;LACADO;151,20
BT110;400;1000;MATE;LACADO;194,97
BT110;400;2000;MATE;LACADO;236,60
BT110;400;2500;MATE;LACADO;271,58
BT110;400;2600;MATE;LACADO;500,00
BT110;500;500;MATE;LACADO;160,66
BT110;500;1000;MATE;LACADO;210,81
BT110;500;2000;MATE;LACADO;257,11
BT110;500;2500;MATE;LACADO;296,49
BT110;500;2600;MATE;LACADO;500,00
BT110;600;500;MATE;LACADO;170,12
BT110;600;1000;MATE;LACADO;226,65
BT110;600;2000;MATE;LACADO;277,63
BT110;600;2500;MATE;LACADO;321,41
BT110;600;2600;MATE;LACADO;500,00
BT110;400;500;MATE;ANODIZADO;156,38
BT110;400;1000;MATE;ANODIZADO;203,02
BT110;400;2000;MATE;ANODIZADO;250,41
BT110;400;2500;MATE;ANODIZADO;288,26
BT110;400;2600;MATE;ANODIZADO;500,00
BT110;500;500;MATE;ANODIZADO;166,41
BT110;500;1000;MATE;ANODIZADO;219,44
BT110;500;2000;MATE;ANODIZADO;271,50
BT110;500;2500;MATE;ANODIZADO;313,76
BT110;500;2600;MATE;ANODIZADO;500,00
BT110;600;500;MATE;ANODIZADO;176,45
BT110;600;1000;MATE;ANODIZADO;235,86
BT110;600;2000;MATE;ANODIZADO;292,59
BT110;600;2500;MATE;ANODIZADO;339,25
BT110;600;2600;MATE;ANODIZADO;500,00
BT110;400;500;MATE;RECHAPADO;157,94
BT110;400;1000;MATE;RECHAPADO;205,46
BT110;400;2000;MATE;RECHAPADO;254,59
BT110;400;2500;MATE;RECHAPADO;293,32
BT110;400;2600;MATE;RECHAPADO;500,00
BT110;500;500;MATE;RECHAPADO;168,16
BT110;500;1000;MATE;RECHAPADO;222,05
BT110;500;2000;MATE;RECHAPADO;275,85
BT110;500;2500;MATE;RECHAPADO;318,98
BT110;500;2600;MATE;RECHAPADO;500,00
BT110;600;500;MATE;RECHAPADO;178,37
BT110;600;1000;MATE;RECHAPADO;238,64
BT110;600;2000;MATE;RECHAPADO;297,12
BT110;600;2500;MATE;RECHAPADO;344,65
BT110;600;2600;MATE;RECHAPADO;500,00
HAVA;400;500;SINVIDRIO;LACADO;225,65
HAVA;400;1000;SINVIDRIO;LACADO;237,32
HAVA;400;2000;SINVIDRIO;LACADO;260,65
HAVA;400;2500;SINVIDRIO;LACADO;272,31
HAVA;400;2800;SINVIDRIO;LACADO;500,00
HAVA;500;500;SINVIDRIO;LACADO;226,77
HAVA;500;1000;SINVIDRIO;LACADO;238,44
HAVA;500;2000;SINVIDRIO;LACADO;261,77
HAVA;500;2500;SINVIDRIO;LACADO;273,44
HAVA;500;2800;SINVIDRIO;LACADO;500,00
HAVA;600;500;SINVIDRIO;LACADO;227,89
HAVA;600;1000;SINVIDRIO;LACADO;239,56
HAVA;600;2000;SINVIDRIO;LACADO;262,89
HAVA;600;2500;SINVIDRIO;LACADO;274,56
HAVA;600;2800;SINVIDRIO;LACADO;500,00
HAVA;400;500;SINVIDRIO;ANODIZADO;229,01
HAVA;400;1000;SINVIDRIO;ANODIZADO;243,00
HAVA;400;2000;SINVIDRIO;ANODIZADO;270,99
HAVA;400;2500;SINVIDRIO;ANODIZADO;284,99
HAVA;400;2800;SINVIDRIO;ANODIZADO;500,00
HAVA;500;500;SINVIDRIO;ANODIZADO;230,38
HAVA;500;1000;SINVIDRIO;ANODIZADO;244,38
HAVA;500;2000;SINVIDRIO;ANODIZADO;272,37
HAVA;500;2500;SINVIDRIO;ANODIZADO;286,37
HAVA;500;2800;SINVIDRIO;ANODIZADO;500,00
HAVA;600;500;SINVIDRIO;ANODIZADO;231,76
HAVA;600;1000;SINVIDRIO;ANODIZADO;245,76
HAVA;600;2000;SINVIDRIO;ANODIZADO;273,75
HAVA;600;2500;SINVIDRIO;ANODIZADO;287,74
HAVA;600;2800;SINVIDRIO;ANODIZADO;500,00
HAVA;400;500;TRANSPARENTE;LACADO;285,91
HAVA;400;1000;TRANSPARENTE;LACADO;320,85
HAVA;400;2000;TRANSPARENTE;LACADO;377,04
HAVA;400;2500;TRANSPARENTE;LACADO;408,74
HAVA;400;2800;TRANSPARENTE;LACADO;500,00
HAVA;500;500;TRANSPARENTE;LACADO;292,68
HAVA;500;1000;TRANSPARENTE;LACADO;332,59
HAVA;500;2000;TRANSPARENTE;LACADO;396,20
HAVA;500;2500;TRANSPARENTE;LACADO;432,28
HAVA;500;2800;TRANSPARENTE;LACADO;500,00
HAVA;600;500;TRANSPARENTE;LACADO;299,45
HAVA;600;1000;TRANSPARENTE;LACADO;344,34
HAVA;600;2000;TRANSPARENTE;LACADO;415,35
HAVA;600;2500;TRANSPARENTE;LACADO;455,82
HAVA;600;2800;TRANSPARENTE;LACADO;500,00
HAVA;400;500;TRANSPARENTE;ANODIZADO;289,26
HAVA;400;1000;TRANSPARENTE;ANODIZADO;326,53
HAVA;400;2000;TRANSPARENTE;ANODIZADO;387,38
HAVA;400;2500;TRANSPARENTE;ANODIZADO;421,41
HAVA;400;2800;TRANSPARENTE;ANODIZADO;500,00
HAVA;500;500;TRANSPARENTE;ANODIZADO;296,29
HAVA;500;1000;TRANSPARENTE;ANODIZADO;338,53
HAVA;500;2000;TRANSPARENTE;ANODIZADO;406,80
HAVA;500;2500;TRANSPARENTE;ANODIZADO;445,21
HAVA;500;2800;TRANSPARENTE;ANODIZADO;500,00
HAVA;600;500;TRANSPARENTE;ANODIZADO;303,32
HAVA;600;1000;TRANSPARENTE;ANODIZADO;350,54
HAVA;600;2000;TRANSPARENTE;ANODIZADO;426,21
HAVA;600;2500;TRANSPARENTE;ANODIZADO;469,00
HAVA;600;2800;TRANSPARENTE;ANODIZADO;500,00
HAVA;400;500;COLORMIX01;LACADO;287,31
HAVA;400;1000;COLORMIX01;LACADO;324,35
HAVA;400;2000;COLORMIX01;LACADO;398,44
HAVA;400;2500;COLORMIX01;LACADO;435,48
HAVA;400;2800;COLORMIX01;LACADO;500,00
HAVA;500;500;COLORMIX01;LACADO;294,65
HAVA;500;1000;COLORMIX01;LACADO;337,41
HAVA;500;2000;COLORMIX01;LACADO;422,94
HAVA;500;2500;COLORMIX01;LACADO;465,71
HAVA;500;2800;COLORMIX01;LACADO;500,00
HAVA;600;500;COLORMIX01;LACADO;301,99
HAVA;600;1000;COLORMIX01;LACADO;350,48
HAVA;600;2000;COLORMIX01;LACADO;447,45
HAVA;600;2500;COLORMIX01;LACADO;495,94
HAVA;600;2800;COLORMIX01;LACADO;500,00
HAVA;400;500;COLORMIX01;ANODIZADO;290,66
HAVA;400;1000;COLORMIX01;ANODIZADO;330,04
HAVA;400;2000;COLORMIX01;ANODIZADO;408,78
HAVA;400;2500;COLORMIX01;ANODIZADO;448,16
HAVA;400;2800;COLORMIX01;ANODIZADO;500,00
HAVA;500;500;COLORMIX01;ANODIZADO;298,26
HAVA;500;1000;COLORMIX01;ANODIZADO;343,35
HAVA;500;2000;COLORMIX01;ANODIZADO;433,54
HAVA;500;2500;COLORMIX01;ANODIZADO;478,64
HAVA;500;2800;COLORMIX01;ANODIZADO;500,00
HAVA;600;500;COLORMIX01;ANODIZADO;305,86
HAVA;600;1000;COLORMIX01;ANODIZADO;356,67
HAVA;600;2000;COLORMIX01;ANODIZADO;458,31
HAVA;600;2500;COLORMIX01;ANODIZADO;509,12
HAVA;600;2800;COLORMIX01;ANODIZADO;500,00
HAVA;400;500;GRISOSCURO;LACADO;307,25
HAVA;400;1000;GRISOSCURO;LACADO;363,53
HAVA;400;2000;GRISOSCURO;LACADO;454,56
HAVA;400;2500;GRISOSCURO;LACADO;505,64
HAVA;400;2800;GRISOSCURO;LACADO;500,00
HAVA;500;500;GRISOSCURO;LACADO;319,35
HAVA;500;1000;GRISOSCURO;LACADO;385,94
HAVA;500;2000;GRISOSCURO;LACADO;493,10
HAVA;500;2500;GRISOSCURO;LACADO;553,40
HAVA;500;2800;GRISOSCURO;LACADO;500,00
HAVA;600;500;GRISOSCURO;LACADO;331,46
HAVA;600;1000;GRISOSCURO;LACADO;408,36
HAVA;600;2000;GRISOSCURO;LACADO;531,63
HAVA;600;2500;GRISOSCURO;LACADO;601,17
HAVA;600;2800;GRISOSCURO;LACADO;500,00
HAVA;400;500;GRISOSCURO;ANODIZADO;310,60
HAVA;400;1000;GRISOSCURO;ANODIZADO;369,21
HAVA;400;2000;GRISOSCURO;ANODIZADO;464,90
HAVA;400;2500;GRISOSCURO;ANODIZADO;518,31
HAVA;400;2800;GRISOSCURO;ANODIZADO;500,00
HAVA;500;500;GRISOSCURO;ANODIZADO;322,97
HAVA;500;1000;GRISOSCURO;ANODIZADO;391,89
HAVA;500;2000;GRISOSCURO;ANODIZADO;503,70
HAVA;500;2500;GRISOSCURO;ANODIZADO;566,33
HAVA;500;2800;GRISOSCURO;ANODIZADO;500,00
HAVA;600;500;GRISOSCURO;ANODIZADO;335,33
HAVA;600;1000;GRISOSCURO;ANODIZADO;414,56
HAVA;600;2000;GRISOSCURO;ANODIZADO;542,49
HAVA;600;2500;GRISOSCURO;ANODIZADO;614,35
HAVA;600;2800;GRISOSCURO;ANODIZADO;500,00
HAVA;400;500;MATE;LACADO;300,17
HAVA;400;1000;MATE;LACADO;349,36
HAVA;400;2000;MATE;LACADO;406,12
HAVA;400;2500;MATE;LACADO;445,09
HAVA;400;2800;MATE;LACADO;500,00
HAVA;500;500;MATE;LACADO;310,50
HAVA;500;1000;MATE;LACADO;368,24
HAVA;500;2000;MATE;LACADO;432,55
HAVA;500;2500;MATE;LACADO;477,72
HAVA;500;2800;MATE;LACADO;500,00
HAVA;600;500;MATE;LACADO;320,84
HAVA;600;1000;MATE;LACADO;387,11
HAVA;600;2000;MATE;LACADO;458,98
HAVA;600;2500;MATE;LACADO;510,34
HAVA;600;2800;MATE;LACADO;500,00
HAVA;400;500;MATE;ANODIZADO;303,52
HAVA;400;1000;MATE;ANODIZADO;355,05
HAVA;400;2000;MATE;ANODIZADO;416,47
HAVA;400;2500;MATE;ANODIZADO;457,76
HAVA;400;2800;MATE;ANODIZADO;500,00
HAVA;500;500;MATE;ANODIZADO;314,11
HAVA;500;1000;MATE;ANODIZADO;374,18
HAVA;500;2000;MATE;ANODIZADO;443,15
HAVA;500;2500;MATE;ANODIZADO;490,64
HAVA;500;2800;MATE;ANODIZADO;500,00
HAVA;600;500;MATE;ANODIZADO;324,71
HAVA;600;1000;MATE;ANODIZADO;393,31
HAVA;600;2000;MATE;ANODIZADO;469,83
HAVA;600;2500;MATE;ANODIZADO;523,53
HAVA;600;2800;MATE;ANODIZADO;500,00
KABI;400;500;SINVIDRIO;LACADO;162,56
KABI;400;1000;SINVIDRIO;LACADO;173,31
KABI;400;2000;SINVIDRIO;LACADO;194,80
KABI;400;2500;SINVIDRIO;LACADO;205,55
KABI;400;2800;SINVIDRIO;LACADO;500,00
KABI;500;500;SINVIDRIO;LACADO;163,60
KABI;500;1000;SINVIDRIO;LACADO;174,34
KABI;500;2000;SINVIDRIO;LACADO;195,84
KABI;500;2500;SINVIDRIO;LACADO;206,58
KABI;500;2800;SINVIDRIO;LACADO;500,00
KABI;600;500;SINVIDRIO;LACADO;164,63
KABI;600;1000;SINVIDRIO;LACADO;175,38
KABI;600;2000;SINVIDRIO;LACADO;196,87
KABI;600;2500;SINVIDRIO;LACADO;207,62
KABI;600;2800;SINVIDRIO;LACADO;500,00
KABI;400;500;SINVIDRIO;ANODIZADO;165,92
KABI;400;1000;SINVIDRIO;ANODIZADO;178,99
KABI;400;2000;SINVIDRIO;ANODIZADO;205,14
KABI;400;2500;SINVIDRIO;ANODIZADO;218,22
KABI;400;2800;SINVIDRIO;ANODIZADO;500,00
KABI;500;500;SINVIDRIO;ANODIZADO;167,21
KABI;500;1000;SINVIDRIO;ANODIZADO;180,29
KABI;500;2000;SINVIDRIO;ANODIZADO;206,44
KABI;500;2500;SINVIDRIO;ANODIZADO;219,51
KABI;500;2800;SINVIDRIO;ANODIZADO;500,00
KABI;600;500;SINVIDRIO;ANODIZADO;168,50
KABI;600;1000;SINVIDRIO;ANODIZADO;181,58
KABI;600;2000;SINVIDRIO;ANODIZADO;207,73
KABI;600;2500;SINVIDRIO;ANODIZADO;220,80
KABI;600;2800;SINVIDRIO;ANODIZADO;500,00
KABI;400;500;TRANSPARENTE;LACADO;222,82
KABI;400;1000;TRANSPARENTE;LACADO;256,84
KABI;400;2000;TRANSPARENTE;LACADO;311,20
KABI;400;2500;TRANSPARENTE;LACADO;341,97
KABI;400;2800;TRANSPARENTE;LACADO;500,00
KABI;500;500;TRANSPARENTE;LACADO;229,50
KABI;500;1000;TRANSPARENTE;LACADO;268,50
KABI;500;2000;TRANSPARENTE;LACADO;330,26
KABI;500;2500;TRANSPARENTE;LACADO;365,42
KABI;500;2800;TRANSPARENTE;LACADO;500,00
KABI;600;500;TRANSPARENTE;LACADO;236,19
KABI;600;1000;TRANSPARENTE;LACADO;280,16
KABI;600;2000;TRANSPARENTE;LACADO;349,33
KABI;600;2500;TRANSPARENTE;LACADO;388,88
KABI;600;2800;TRANSPARENTE;LACADO;500,00
KABI;400;500;TRANSPARENTE;ANODIZADO;226,18
KABI;400;1000;TRANSPARENTE;ANODIZADO;262,52
KABI;400;2000;TRANSPARENTE;ANODIZADO;321,54
KABI;400;2500;TRANSPARENTE;ANODIZADO;354,64
KABI;400;2800;TRANSPARENTE;ANODIZADO;500,00
KABI;500;500;TRANSPARENTE;ANODIZADO;233,12
KABI;500;1000;TRANSPARENTE;ANODIZADO;274,44
KABI;500;2000;TRANSPARENTE;ANODIZADO;340,86
KABI;500;2500;TRANSPARENTE;ANODIZADO;378,35
KABI;500;2800;TRANSPARENTE;ANODIZADO;500,00
KABI;600;500;TRANSPARENTE;ANODIZADO;240,06
KABI;600;1000;TRANSPARENTE;ANODIZADO;286,35
KABI;600;2000;TRANSPARENTE;ANODIZADO;360,19
KABI;600;2500;TRANSPARENTE;ANODIZADO;402,06
KABI;600;2800;TRANSPARENTE;ANODIZADO;500,00
KABI;400;500;COLORMIX01;LACADO;224,22
KABI;400;1000;COLORMIX01;LACADO;260,34
KABI;400;2000;COLORMIX01;LACADO;332,59
KABI;400;2500;COLORMIX01;LACADO;368,72
KABI;400;2800;COLORMIX01;LACADO;500,00
KABI;500;500;COLORMIX01;LACADO;231,47
KABI;500;1000;COLORMIX01;LACADO;273,32
KABI;500;2000;COLORMIX01;LACADO;357,01
KABI;500;2500;COLORMIX01;LACADO;398,86
KABI;500;2800;COLORMIX01;LACADO;500,00
KABI;600;500;COLORMIX01;LACADO;238,73
KABI;600;1000;COLORMIX01;LACADO;286,30
KABI;600;2000;COLORMIX01;LACADO;381,43
KABI;600;2500;COLORMIX01;LACADO;429,00
KABI;600;2800;COLORMIX01;LACADO;500,00
KABI;400;500;COLORMIX01;ANODIZADO;227,57
KABI;400;1000;COLORMIX01;ANODIZADO;266,03
KABI;400;2000;COLORMIX01;ANODIZADO;342,94
KABI;400;2500;COLORMIX01;ANODIZADO;381,39
KABI;400;2800;COLORMIX01;ANODIZADO;500,00
KABI;500;500;COLORMIX01;ANODIZADO;235,09
KABI;500;1000;COLORMIX01;ANODIZADO;279,26
KABI;500;2000;COLORMIX01;ANODIZADO;367,61
KABI;500;2500;COLORMIX01;ANODIZADO;411,79
KABI;500;2800;COLORMIX01;ANODIZADO;500,00
KABI;600;500;COLORMIX01;ANODIZADO;242,60
KABI;600;1000;COLORMIX01;ANODIZADO;292,49
KABI;600;2000;COLORMIX01;ANODIZADO;392,29
KABI;600;2500;COLORMIX01;ANODIZADO;442,18
KABI;600;2800;COLORMIX01;ANODIZADO;500,00
KABI;400;500;GRISOSCURO;LACADO;244,16
KABI;400;1000;GRISOSCURO;LACADO;299,52
KABI;400;2000;GRISOSCURO;LACADO;388,72
KABI;400;2500;GRISOSCURO;LACADO;438,87
KABI;400;2800;GRISOSCURO;LACADO;500,00
KABI;500;500;GRISOSCURO;LACADO;256,18
KABI;500;1000;GRISOSCURO;LACADO;321,85
KABI;500;2000;GRISOSCURO;LACADO;427,16
KABI;500;2500;GRISOSCURO;LACADO;486,55
KABI;500;2800;GRISOSCURO;LACADO;500,00
KABI;600;500;GRISOSCURO;LACADO;268,20
KABI;600;1000;GRISOSCURO;LACADO;344,18
KABI;600;2000;GRISOSCURO;LACADO;465,61
KABI;600;2500;GRISOSCURO;LACADO;534,23
KABI;600;2800;GRISOSCURO;LACADO;500,00
KABI;400;500;GRISOSCURO;ANODIZADO;247,52
KABI;400;1000;GRISOSCURO;ANODIZADO;305,21
KABI;400;2000;GRISOSCURO;ANODIZADO;399,06
KABI;400;2500;GRISOSCURO;ANODIZADO;451,54
KABI;400;2800;GRISOSCURO;ANODIZADO;500,00
KABI;500;500;GRISOSCURO;ANODIZADO;259,79
KABI;500;1000;GRISOSCURO;ANODIZADO;327,79
KABI;500;2000;GRISOSCURO;ANODIZADO;437,76
KABI;500;2500;GRISOSCURO;ANODIZADO;499,48
KABI;500;2800;GRISOSCURO;ANODIZADO;500,00
KABI;600;500;GRISOSCURO;ANODIZADO;272,07
KABI;600;1000;GRISOSCURO;ANODIZADO;350,38
KABI;600;2000;GRISOSCURO;ANODIZADO;476,47
KABI;600;2500;GRISOSCURO;ANODIZADO;547,41
KABI;600;2800;GRISOSCURO;ANODIZADO;500,00
KABI;400;500;MATE;LACADO;237,08
KABI;400;1000;MATE;LACADO;285,36
KABI;400;2000;MATE;LACADO;340,28
KABI;400;2500;MATE;LACADO;378,32
KABI;400;2800;MATE;LACADO;500,00
KABI;500;500;MATE;LACADO;247,33
KABI;500;1000;MATE;LACADO;304,14
KABI;500;2000;MATE;LACADO;366,62
KABI;500;2500;MATE;LACADO;410,86
KABI;500;2800;MATE;LACADO;500,00
KABI;600;500;MATE;LACADO;257,58
KABI;600;1000;MATE;LACADO;322,93
KABI;600;2000;MATE;LACADO;392,96
KABI;600;2500;MATE;LACADO;443,41
KABI;600;2800;MATE;LACADO;500,00
KABI;400;500;MATE;ANODIZADO;240,43
KABI;400;1000;MATE;ANODIZADO;291,04
KABI;400;2000;MATE;ANODIZADO;350,62
KABI;400;2500;MATE;ANODIZADO;390,99
KABI;400;2800;MATE;ANODIZADO;500,00
KABI;500;500;MATE;ANODIZADO;250,94
KABI;500;1000;MATE;ANODIZADO;310,09
KABI;500;2000;MATE;ANODIZADO;377,22
KABI;500;2500;MATE;ANODIZADO;423,79
KABI;500;2800;MATE;ANODIZADO;500,00
KABI;600;500;MATE;ANODIZADO;261,45
KABI;600;1000;MATE;ANODIZADO;329,13
KABI;600;2000;MATE;ANODIZADO;403,81
KABI;600;2500;MATE;ANODIZADO;456,59
KABI;600;2800;MATE;ANODIZADO;500,00
