Codigo;Denominacion;Tarifa;Familia;Acabado;Color;TipoMontaje;TipoBisagra;Costado;Dto
7997.A.P.150;TIRADOR L 37x16x150mm PLATA BRILLO;4,844;Tirador;A.P;;;;;
7997.A.PM.150;TIRADOR L 37x16x150mm PLATA MATE;4,536;Tirador;A.PM;;;;;
7997.L.B.150;TIRADOR L 37x16x150mm LACADO BLANCO;4,634;Tirador;L.B;;;;;
7997.L.BM03.150;TIRADOR L 37X16X150mm LAC.BLANCOMAT 9003;4,683;Tirador;L.BM03;;;;;
7997.L.NM.150;TIRADOR L 37X16X150mm LACADO NEGRO MATE;4,683;Tirador;L.NM;;;;;
7997.L.T.150;TIRADOR L 37X16X150mm REPINTABLE;Consultar;Tirador;ESP;;;;;
7997.C.RB.150;TIRADOR L 37x16x150mm CHAPA ROBLE;10;Tirador;C.RB;;;;;
7997.C.NG.150;TIRADOR L 37x16x150mm CHAPA NOGAL;10;Tirador;C.NG;;;;;
79971.A.P;TIRADOR EMBUTIR 35x126 PLATA BRILLO;6,326;Tirador;A.P;;;;;
79971.A.PM;TIRADOR EMBUTIR 35x126 PLATA MATE;5,8;Tirador;A.PM;;;;;
79971.L.B;TIRADOR EMBUTIR 35x126 LACADO BLANCO;5,966;Tirador;L.B;;;;;
79971.L.BM03;TIRADOR EMBUTIR 35x126 LACADO BLANCO MATE 9003;5,966;Tirador;L.BM03;;;;;
79971.L.NM;TIRADOR EMBUTIR 35X126 LACADO NEGRO MATE;5,967;Tirador;L.NM;;;;;
79971.L.T;TIRADOR EMBUTIR 35X126 REPINTABLE;Consultar;Tirador;ESP;;;;;
7794.A.P.150;TIRADOR 48x14x150mm PLATA BRILLO;4,844;Tirador;A.P;;;;;
7794.A.PM.150;TIRADOR 48x14x150mm PLATA MATE;4,536;Tirador;A.PM;;;;;
7794.L.B.150;TIRADOR 48x14x150mm LACADO BLANCO;4,634;Tirador;L.B;;;;;
7794.L.BM03.150;TIRADOR 48x14X150mm LAC.BLANCOMAT 9003;4,683;Tirador;L.BM03;;;;;
7794.L.NM.150;TIRADOR 48x14X150mm LACADO NEGRO MATE;4,683;Tirador;L.NM;;;;;
7794.L.T.150;TIRADOR 48x14X150mm REPINTABLE;Consultar;Tirador;ESP;;;;;
VV.MEC.B;MECANIZADO BISAGRA EN VITRINA;2,25;Mecanizado;;;;;;
VV.MEC.T;MECANIZADO TIRADOR EN VITRINA;2,75;Mecanizado;;;;;;
HBI11.K;BISAGRA PERFIL ALU 20 RECTA 105º AMORT NIQUEL;2,689;Bisagra;;niquelado;recta;ALU20;;
HBI21.K;BISAGRA PERFIL ALU 20 ACODADA 105º AMORT NIQUEL;2,845;Bisagra;;niquelado;acodada;ALU20;;
HBI31.K;BISAGRA PERFIL ALU 20 SUPERACOD 105º AMORT NIQUEL;2,845;Bisagra;;niquelado;superacodada;ALU20;;
HBI11.TN;BISAGRA PERFIL ALU 20 RECTA 105º AMORT TITANIO NEGRO;2,908;Bisagra;;negro;recta;ALU20;;
HBI21.TN;BISAGRA PERFIL ALU 20 ACODADA 105º AMORT TITANIO NEGRO;2,97;Bisagra;;negro;acodada;ALU20;;
HBI31.TN;BISAGRA PERFIL ALU 20 SUPERACOD 105º AMORT TITANIO NEGRO;2,97;Bisagra;;negro;superacodada;ALU20;;
HBI12.TN;BISAGRA D35 RECTA 110º AMORT TITANIO NEGRO;2,18;Bisagra;;negro;recta;D35;;
HBI22.TN;BISAGRA D35 ACODADA 110º AMORT TITANIO NEGRO;2,21;Bisagra;;negro;acodada;D35;;
HBI32.TN;BISAGRA D35 SUPERACODADA 110º AMORT TITANIO NEGRO;2,25;Bisagra;;negro;superacodada;D35;;
HBI12.K;BISAGRA D35 AMORT NIQUEL RECTA 110º;2,18;Bisagra;;niquelado;recta;D35;;
HBI22.K;BISAGRA D35 AMORT NIQUEL ACODADA 110º;2,21;Bisagra;;niquelado;acodada;D35;;
HBI32.K;BISAGRA D35 AMORT NIQUEL SUPER ACODADA 110º;2,25;Bisagra;;niquelado;superacodada;D35;;
HBI41.K;BASE BISAGRA HBI TABLERO 16 mm NIQUEL;0,469;Base;;niquelado;;ALU20/D35;16;
HBI42.K;BASE BISAGRA HBI TABLERO 19 mm NIQUEL;0,469;Base;;niquelado;;ALU20/D35;19;
HBI41.TN;BASE BISAGRA HBI TABLERO 16 mm TITANIO NEGRO;0,447;Base;;negro;;ALU20/D35;16;
HBI42.TN;BASE BISAGRA HBI TABLERO 19 mm TITANIO NEGRO;0,447;Base;;negro;;ALU20/D35;19;
H12;BISAGRA RECTA SALICE PUERTAS 35mm;2,606;Bisagra;;niquelado;recta;D35-S;;
H22;BISAGRA ACODADA SALICE PUERTAS 35mm;2,606;Bisagra;;niquelado;acodada;D35-S;;
H32;BISAGRA SUPERACODADA SALICE PUERTAS 35mm;2,606;Bisagra;;niquelado;superacodada;D35-S;;
HS41;BASE CLIP SALICE REG. EXCENTRICA TAB 16 mm NIKEL;1,086;Base;;niquelado;;D35-S;16;
HS42;BASE CLIP SALICE REG. EXCENTRICA TAB 19 mm NIKEL;1,086;Base;;niquelado;;D35-S;19;
HHAVA.L.NM;BISAGRA HAVA LACADO NEGRO MATE DER+IZ;0;Bisagra;NM;;;HAVA;;100
HHAVA.L.BM03;BISAGRA HAVA LACADO BLANCO MATE 9003 DER+IZQ;0;Bisagra;BM03;;;HAVA;;100
HHAVA.A.BR;BISAGRA HAVA ANOD. BRONCE MATE GRATA DER+IZQ;0;Bisagra;BR;;;HAVA;;100
HKABI.L.NM;BISAGRA KABI LACADO NEGRO MATE 2 Und;0;Bisagra;NM;;;KABI;;100
HKABI.L.BM03;BISAGRA KABI  LACADO BLANCO MATE 9003 2 Und;0;Bisagra;BM03;;;KABI;;100
HKABI.A.BR;BISAGRA KABI ANOD. BRONCE MATE GRATA 2 Und;0;Bisagra;BR;;;KABI;;100
